,bairro,bairro_encoded,condominio,area,quartos,banheiros,suite,vagas,aluguel
0,Lagoa Nova,13,0.0,110.0,4.0,3.0,1.0,2.0,1450.0
1,Vila de Ponta Negra,30,0.0,110.0,3.0,3.0,3.0,2.0,2700.0
2,Candelária,4,0.0,57.0,2.0,2.0,1.0,1.0,1500.0
3,Ponta Negra,24,0.0,79.0,3.0,2.0,1.0,2.0,2500.0
4,Ponta Negra,24,0.0,40.0,1.0,1.0,1.0,1.0,850.0
5,Capim Macio,5,0.0,57.0,2.0,2.0,1.0,1.0,1650.0
7,Ponta Negra,24,450.0,79.0,3.0,3.0,1.0,0.0,2450.0
8,Ponta Negra,24,0.0,44.0,1.0,1.0,0.0,1.0,1200.0
9,Lagoa Nova,13,0.0,53.0,2.0,2.0,1.0,1.0,1500.0
10,Ponta Negra,24,0.0,57.0,2.0,2.0,2.0,1.0,1980.0
11,Ponta Negra,24,790.0,98.0,2.0,1.0,1.0,0.0,2100.0
12,Lagoa Nova,13,0.0,103.0,3.0,3.0,1.0,2.0,2750.0
13,Ponta Negra,24,0.0,56.0,2.0,1.0,1.0,1.0,1750.0
14,Cidade Alta,6,0.0,85.0,3.0,2.0,1.0,1.0,1500.0
15,Ponta Negra,24,0.0,59.0,2.0,1.0,1.0,1.0,2300.0
18,Ponta Negra,24,0.0,59.0,2.0,1.0,1.0,1.0,1900.0
21,Capim Macio,5,0.0,57.0,2.0,2.0,1.0,1.0,1700.0
23,Tirol,29,0.0,57.0,1.0,2.0,1.0,1.0,1700.0
25,Ponta Negra,24,0.0,55.0,2.0,2.0,1.0,1.0,1200.0
26,Redinha,26,450.0,80.0,3.0,1.0,1.0,2.0,1100.0
27,Ponta Negra,24,0.0,56.0,2.0,2.0,1.0,1.0,1400.0
29,Ponta Negra,24,0.0,59.0,2.0,1.0,1.0,1.0,2100.0
31,Ponta Negra,24,0.0,96.0,3.0,3.0,1.0,2.0,2200.0
32,Tirol,29,0.0,57.0,2.0,2.0,1.0,1.0,1500.0
34,Lagoa Seca,14,0.0,40.0,1.0,1.0,0.0,0.0,580.0
35,Ponta Negra,24,0.0,56.0,2.0,2.0,1.0,1.0,1600.0
37,Ponta Negra,24,0.0,50.0,2.0,2.0,1.0,1.0,1300.0
38,Candelária,4,245.0,120.0,4.0,3.0,1.0,1.0,1000.0
39,Lagoa Nova,13,0.0,80.0,3.0,2.0,1.0,1.0,1630.0
40,Capim Macio,5,10.0,57.0,2.0,2.0,1.0,1.0,1600.0
41,Ponta Negra,24,0.0,57.0,2.0,1.0,0.0,1.0,2500.0
42,Vila de Ponta Negra,30,0.0,52.0,2.0,2.0,1.0,1.0,1600.0
43,Tirol,29,0.0,100.0,3.0,3.0,1.0,2.0,2000.0
45,Lagoa Nova,13,0.0,58.0,2.0,2.0,1.0,1.0,2000.0
47,Lagoa Nova,13,500.0,62.0,2.0,2.0,2.0,1.0,1375.0
49,Capim Macio,5,0.0,75.0,3.0,2.0,1.0,1.0,1450.0
50,Ponta Negra,24,0.0,79.0,3.0,3.0,1.0,2.0,2540.0
51,Lagoa Nova,13,0.0,98.0,3.0,2.0,1.0,2.0,2500.0
52,Ponta Negra,24,0.0,84.0,3.0,3.0,1.0,2.0,1600.0
53,Petrópolis,20,444.0,56.0,2.0,2.0,1.0,1.0,870.0
54,Ponta Negra,24,0.0,56.0,2.0,1.0,1.0,1.0,3440.0
56,Ponta Negra,24,0.0,57.0,2.0,2.0,1.0,1.0,1800.0
57,Candelária,4,0.0,142.0,2.0,5.0,2.0,3.0,5000.0
58,Ponta Negra,24,0.0,98.0,3.0,3.0,1.0,2.0,2500.0
59,Capim Macio,5,0.0,57.0,2.0,2.0,1.0,1.0,1600.0
61,Ponta Negra,24,0.0,56.0,2.0,2.0,1.0,1.0,2600.0
62,Ponta Negra,24,0.0,56.0,2.0,2.0,1.0,1.0,1500.0
63,Nova Descoberta,19,0.0,80.0,3.0,2.0,1.0,2.0,1700.0
64,Ponta Negra,24,250.0,56.0,2.0,2.0,1.0,1.0,1250.0
67,Pitimbu,22,0.0,56.0,2.0,2.0,1.0,1.0,1250.0
68,Ponta Negra,24,0.0,58.0,2.0,2.0,2.0,1.0,1800.0
71,Ponta Negra,24,0.0,65.0,2.0,1.0,1.0,1.0,1900.0
72,Tirol,29,0.0,57.0,2.0,1.0,1.0,1.0,2700.0
73,Ponta Negra,24,0.0,52.0,2.0,2.0,1.0,1.0,2500.0
74,Tirol,29,0.0,56.0,2.0,2.0,1.0,1.0,1600.0
75,Nossa Senhora de Nazaré,18,300.0,55.0,2.0,1.0,1.0,2.0,1000.0
76,Ponta Negra,24,280.0,56.0,2.0,2.0,1.0,1.0,910.0
77,Ponta Negra,24,0.0,42.0,1.0,1.0,0.0,1.0,2300.0
78,Ponta Negra,24,300.0,50.0,2.0,1.0,0.0,1.0,900.0
80,Conjunto ALAGAMAR,10,0.0,56.0,2.0,2.0,1.0,1.0,1600.0
82,Barro Vermelho,2,1000.0,138.0,3.0,3.0,1.0,2.0,1342.0
83,Candelária,4,0.0,57.0,2.0,2.0,1.0,1.0,1500.0
84,Capim Macio,5,0.0,60.0,2.0,2.0,1.0,1.0,1500.0
86,Lagoa Nova,13,0.0,75.0,3.0,2.0,1.0,1.0,1100.0
87,Lagoa Nova,13,280.0,70.0,2.0,2.0,1.0,2.0,750.0
88,Lagoa Nova,13,0.0,105.0,3.0,4.0,2.0,2.0,2750.0
89,Vila de Ponta Negra,30,0.0,98.0,3.0,3.0,1.0,2.0,1980.0
90,Capim Macio,5,0.0,57.0,2.0,2.0,1.0,1.0,1600.0
91,Ponta Negra,24,0.0,56.0,2.0,2.0,1.0,1.0,1800.0
92,Ponta Negra,24,0.0,84.0,3.0,3.0,1.0,2.0,1800.0
93,Petrópolis,20,0.0,57.0,2.0,2.0,1.0,1.0,1500.0
97,Lagoa Nova,13,0.0,120.0,2.0,4.0,2.0,3.0,3000.0
98,Capim Macio,5,424.0,56.0,2.0,2.0,1.0,1.0,1276.0
99,Ponta Negra,24,0.0,59.0,2.0,2.0,1.0,1.0,2000.0
101,Candelária,4,0.0,54.0,2.0,2.0,1.0,1.0,1800.0
102,Capim Macio,5,450.0,63.0,3.0,2.0,1.0,1.0,1250.0
103,Ponta Negra,24,0.0,56.0,2.0,2.0,1.0,1.0,2000.0
104,Lagoa Nova,13,0.0,70.0,3.0,2.0,1.0,2.0,1700.0
105,Ponta Negra,24,730.0,110.0,3.0,3.0,1.0,2.0,1500.0
106,Capim Macio,5,0.0,50.0,2.0,1.0,0.0,1.0,1350.0
108,Pitimbu,22,0.0,94.0,3.0,3.0,1.0,0.0,2050.0
115,Ponta Negra,24,0.0,55.0,2.0,2.0,1.0,1.0,2800.0
116,Lagoa Nova,13,0.0,80.0,3.0,3.0,1.0,2.0,2000.0
117,Candelária,4,645.0,82.0,2.0,3.0,1.0,1.0,479.0
118,Morro Branco,15,0.0,80.0,3.0,2.0,1.0,2.0,1700.0
119,Capim Macio,5,270.0,55.0,2.0,2.0,1.0,2.0,1450.0
120,Ponta Negra,24,0.0,55.0,2.0,2.0,1.0,0.0,2300.0
121,Ponta Negra,24,0.0,55.0,2.0,2.0,2.0,1.0,2300.0
123,Petrópolis,20,400.0,90.0,3.0,2.0,1.0,2.0,1900.0
124,Lagoa Nova,13,565.0,76.0,2.0,1.0,1.0,1.0,1200.0
125,Capim Macio,5,600.0,100.0,3.0,3.0,1.0,2.0,1800.0
127,Petrópolis,20,0.0,85.0,2.0,2.0,1.0,2.0,2500.0
129,Ponta Negra,24,0.0,110.0,3.0,3.0,1.0,2.0,2600.0
130,Petrópolis,20,0.0,57.0,2.0,2.0,1.0,1.0,1490.0
131,Capim Macio,5,0.0,98.0,3.0,3.0,2.0,2.0,4000.0
132,Petrópolis,20,0.0,97.0,3.0,2.0,1.0,2.0,2700.0
133,Ponta Negra,24,440.0,55.0,2.0,2.0,1.0,1.0,2500.0
134,Ponta Negra,24,0.0,55.0,2.0,1.0,1.0,1.0,2200.0
135,Ponta Negra,24,318.0,59.0,2.0,1.0,0.0,1.0,1450.0
136,Ponta Negra,24,0.0,55.0,2.0,1.0,1.0,1.0,2000.0
138,Capim Macio,5,424.0,56.0,2.0,2.0,1.0,0.0,1700.0
139,Tirol,29,0.0,101.0,3.0,3.0,1.0,2.0,2800.0
142,Lagoa Nova,13,0.0,57.0,2.0,1.0,1.0,1.0,1500.0
143,Ponta Negra,24,0.0,55.0,2.0,2.0,1.0,1.0,1800.0
144,Tirol,29,0.0,101.0,3.0,3.0,1.0,2.0,2850.0
145,Ponta Negra,24,0.0,54.0,2.0,2.0,1.0,1.0,1200.0
147,Ponta Negra,24,0.0,80.0,3.0,2.0,1.0,1.0,2300.0
148,Tirol,29,0.0,50.0,1.0,1.0,1.0,1.0,1200.0
149,Areia Preta,1,500.0,70.0,2.0,2.0,1.0,2.0,2600.0
150,Ponta Negra,24,0.0,55.0,2.0,2.0,1.0,1.0,2700.0
152,Petrópolis,20,0.0,57.0,2.0,2.0,1.0,1.0,1500.0
153,Capim Macio,5,0.0,66.0,3.0,1.0,1.0,0.0,1600.0
154,Lagoa Nova,13,0.0,57.0,2.0,1.0,1.0,1.0,1900.0
155,Capim Macio,5,30.0,74.0,3.0,1.0,1.0,1.0,800.0
157,Pitimbu,22,0.0,57.0,2.0,1.0,1.0,1.0,1350.0
158,Ponta Negra,24,0.0,50.0,2.0,2.0,1.0,1.0,1400.0
159,Barro Vermelho,2,0.0,107.0,3.0,4.0,2.0,2.0,2500.0
160,Tirol,29,530.0,78.0,3.0,2.0,1.0,1.0,1500.0
161,Ponta Negra,24,0.0,56.0,2.0,2.0,1.0,1.0,2200.0
164,Capim Macio,5,0.0,58.0,2.0,2.0,1.0,1.0,1100.0
165,Ponta Negra,24,435.0,55.0,2.0,2.0,1.0,1.0,1200.0
166,Ponta Negra,24,0.0,56.0,2.0,2.0,1.0,1.0,1990.0
167,Pitimbu,22,293.0,56.0,2.0,2.0,2.0,1.0,800.0
168,Ponta Negra,24,0.0,56.0,2.0,2.0,1.0,1.0,1200.0
169,Lagoa Nova,13,0.0,85.0,2.0,2.0,1.0,1.0,1300.0
170,Tirol,29,0.0,54.0,2.0,2.0,1.0,1.0,1400.0
171,Ponta Negra,24,0.0,52.0,2.0,1.0,1.0,1.0,1500.0
172,Lagoa Nova,13,0.0,55.0,2.0,1.0,0.0,1.0,1300.0
173,Ponta Negra,24,0.0,55.0,2.0,2.0,1.0,1.0,1900.0
174,Ponta Negra,24,0.0,52.0,2.0,2.0,1.0,1.0,1700.0
175,Lagoa Nova,13,830.0,90.0,3.0,3.0,2.0,1.0,900.0
176,Tirol,29,275.0,55.0,2.0,1.0,1.0,1.0,1500.0
177,Ponta Negra,24,0.0,98.0,3.0,3.0,1.0,2.0,3800.0
178,Capim Macio,5,400.0,55.0,2.0,2.0,1.0,1.0,1400.0
180,Lagoa Nova,13,0.0,95.0,3.0,2.0,1.0,2.0,2300.0
181,Ponta Negra,24,373.0,60.0,2.0,1.0,1.0,1.0,2000.0
182,Capim Macio,5,0.0,57.0,2.0,2.0,1.0,2.0,1600.0
184,Ponta Negra,24,0.0,55.0,2.0,2.0,1.0,1.0,1100.0
185,Candelária,4,0.0,35.0,1.0,1.0,1.0,1.0,800.0
187,Ponta Negra,24,0.0,50.0,2.0,1.0,0.0,1.0,1600.0
188,Bom Pastor,3,0.0,56.0,2.0,2.0,1.0,0.0,1300.0
189,Lagoa Seca,14,0.0,50.0,2.0,1.0,0.0,0.0,900.0
190,Ponta Negra,24,0.0,97.0,4.0,3.0,1.0,2.0,2700.0
192,Tirol,29,0.0,96.0,3.0,3.0,1.0,2.0,2500.0
193,Tirol,29,0.0,119.0,3.0,3.0,1.0,2.0,3000.0
194,Ponta Negra,24,0.0,56.0,2.0,2.0,1.0,1.0,1700.0
195,Ponta Negra,24,0.0,84.0,3.0,3.0,1.0,2.0,1800.0
196,Tirol,29,800.0,112.0,3.0,4.0,2.0,2.0,2500.0
197,Capim Macio,5,0.0,56.0,2.0,2.0,1.0,1.0,1600.0
200,Ponta Negra,24,0.0,94.0,3.0,3.0,1.0,2.0,3300.0
201,Ponta Negra,24,0.0,58.0,2.0,2.0,0.0,1.0,1600.0
202,Ponta Negra,24,250.0,57.0,2.0,2.0,1.0,1.0,1500.0
203,Lagoa Nova,13,0.0,143.0,3.0,2.0,1.0,3.0,2500.0
204,Lagoa Nova,13,0.0,56.0,2.0,2.0,1.0,2.0,2871.0
206,Tirol,29,0.0,108.0,3.0,4.0,2.0,2.0,2400.0
207,Ponta Negra,24,0.0,95.0,3.0,3.0,1.0,2.0,2700.0
208,Capim Macio,5,0.0,41.0,1.0,1.0,1.0,1.0,650.0
209,Ponta Negra,24,319.0,62.0,2.0,2.0,1.0,1.0,950.0
210,Capim Macio,5,0.0,60.0,2.0,1.0,0.0,1.0,750.0
211,Nossa Senhora de Nazaré,18,0.0,38.0,1.0,1.0,0.0,0.0,550.0
213,Lagoa Nova,13,0.0,60.0,2.0,1.0,1.0,1.0,1500.0
214,Candelária,4,110.0,25.0,1.0,1.0,0.0,0.0,790.0
215,Lagoa Nova,13,730.0,94.0,3.0,2.0,1.0,2.0,1150.0
216,Ribeira,27,0.0,55.0,2.0,2.0,1.0,1.0,1450.0
217,Petrópolis,20,472.0,94.0,3.0,4.0,2.0,2.0,1700.0
218,Lagoa Nova,13,0.0,57.0,2.0,2.0,1.0,1.0,1600.0
220,Tirol,29,0.0,90.0,3.0,2.0,1.0,2.0,2500.0
224,Capim Macio,5,0.0,98.0,3.0,3.0,1.0,2.0,2900.0
225,Lagoa Nova,13,0.0,137.0,3.0,5.0,3.0,3.0,4500.0
226,Capim Macio,5,0.0,92.0,3.0,3.0,3.0,2.0,2000.0
227,Ponta Negra,24,0.0,56.0,2.0,2.0,1.0,1.0,1500.0
228,Capim Macio,5,780.0,82.0,2.0,1.0,1.0,1.0,650.0
229,Planalto,23,250.0,52.0,2.0,1.0,0.0,1.0,400.0
230,Lagoa Nova,13,0.0,98.0,3.0,3.0,1.0,2.0,3000.0
231,Capim Macio,5,0.0,108.0,4.0,1.0,2.0,2.0,3000.0
232,Petrópolis,20,0.0,56.0,2.0,2.0,1.0,1.0,1400.0
233,Candelária,4,0.0,110.0,3.0,3.0,1.0,2.0,1800.0
234,Neópolis,17,300.0,56.0,2.0,2.0,1.0,1.0,1400.0
235,Barro Vermelho,2,450.0,57.0,2.0,2.0,1.0,1.0,900.0
236,Ponta Negra,24,0.0,59.0,2.0,1.0,1.0,1.0,2400.0
237,Ponta Negra,24,0.0,98.0,3.0,3.0,1.0,2.0,1900.0
238,Capim Macio,5,0.0,65.0,2.0,2.0,1.0,1.0,1200.0
240,Areia Preta,1,835.0,47.0,2.0,2.0,2.0,1.0,1500.0
242,Capim Macio,5,0.0,65.0,2.0,2.0,0.0,1.0,900.0
243,Lagoa Nova,13,627.0,109.0,3.0,4.0,3.0,2.0,1900.0
245,Ponta Negra,24,1.0,93.0,3.0,2.0,1.0,2.0,1900.0
246,Ponta Negra,24,0.0,55.0,2.0,2.0,1.0,1.0,1300.0
247,Ribeira,27,450.0,56.0,2.0,2.0,1.0,1.0,1000.0
249,Lagoa Nova,13,0.0,87.0,3.0,2.0,1.0,2.0,2500.0
251,Ponta Negra,24,0.0,75.0,3.0,2.0,1.0,2.0,1100.0
252,Cidade da Esperança,9,0.0,53.0,2.0,2.0,1.0,1.0,1400.0
254,Lagoa Nova,13,0.0,106.0,3.0,4.0,3.0,2.0,3000.0
255,Ponta Negra,24,0.0,54.0,2.0,2.0,1.0,1.0,1200.0
256,Capim Macio,5,0.0,65.0,2.0,2.0,0.0,1.0,1000.0
257,Ponta Negra,24,0.0,55.0,2.0,2.0,1.0,1.0,1500.0
258,Lagoa Nova,13,0.0,100.0,3.0,3.0,1.0,2.0,2800.0
259,Ponta Negra,24,435.0,56.0,2.0,2.0,1.0,1.0,915.0
262,Ponta Negra,24,250.0,56.0,2.0,2.0,1.0,1.0,650.0
263,Capim Macio,5,0.0,100.0,3.0,4.0,3.0,2.0,2900.0
264,Capim Macio,5,420.0,55.0,2.0,1.0,0.0,1.0,1100.0
266,Lagoa Nova,13,0.0,90.0,3.0,2.0,0.0,2.0,1000.0
267,Capim Macio,5,0.0,72.0,2.0,1.0,1.0,1.0,1100.0
269,Ponta Negra,24,0.0,54.0,2.0,2.0,1.0,1.0,2300.0
271,Candelária,4,0.0,54.0,2.0,2.0,0.0,1.0,1300.0
272,Ponta Negra,24,0.0,40.0,2.0,1.0,0.0,1.0,1700.0
273,Tirol,29,0.0,57.0,2.0,2.0,1.0,1.0,1600.0
275,Tirol,29,850.0,100.0,3.0,3.0,1.0,2.0,950.0
276,Alecrim,0,0.0,10.0,2.0,1.0,1.0,0.0,1000.0
277,Candelária,4,0.0,90.0,3.0,3.0,1.0,2.0,1800.0
278,Neópolis,17,300.0,57.0,2.0,1.0,1.0,1.0,1000.0
280,Lagoa Nova,13,0.0,57.0,2.0,2.0,1.0,1.0,1500.0
281,Ponta Negra,24,360.0,59.0,2.0,2.0,1.0,1.0,2040.0
282,Ribeira,27,450.0,57.0,2.0,1.0,1.0,1.0,1000.0
283,Candelária,4,574.0,75.0,3.0,2.0,1.0,2.0,1300.0
285,Cidade da Esperança,9,1.0,38.0,1.0,1.0,0.0,1.0,400.0
286,Capim Macio,5,0.0,105.0,3.0,3.0,1.0,2.0,2500.0
287,Candelária,4,0.0,80.0,2.0,1.0,0.0,1.0,1200.0
289,Tirol,29,0.0,88.0,3.0,2.0,0.0,0.0,1300.0
290,Capim Macio,5,0.0,114.0,3.0,3.0,1.0,2.0,2700.0
291,Capim Macio,5,0.0,85.0,3.0,3.0,1.0,2.0,3250.0
292,Lagoa Nova,13,510.0,58.0,2.0,2.0,1.0,2.0,2500.0
293,Petrópolis,20,670.0,54.0,2.0,1.0,1.0,1.0,800.0
295,Ponta Negra,24,0.0,50.0,2.0,1.0,0.0,1.0,1500.0
296,Lagoa Nova,13,0.0,58.0,2.0,2.0,1.0,1.0,1800.0
297,Barro Vermelho,2,700.0,80.0,2.0,3.0,1.0,1.0,900.0
298,Ponta Negra,24,0.0,56.0,2.0,2.0,1.0,1.0,2500.0
300,Ponta Negra,24,546.0,80.0,3.0,1.0,1.0,2.0,1770.0
301,Barro Vermelho,2,0.0,82.0,3.0,2.0,1.0,2.0,2200.0
302,Candelária,4,500.0,86.0,3.0,1.0,1.0,1.0,1050.0
303,Capim Macio,5,480.0,72.0,2.0,2.0,1.0,1.0,1270.0
304,Planalto,23,0.0,50.0,2.0,1.0,0.0,1.0,600.0
305,Cidade da Esperança,9,0.0,55.0,2.0,1.0,0.0,1.0,500.0
306,Capim Macio,5,0.0,59.0,2.0,1.0,0.0,1.0,1500.0
307,Barro Vermelho,2,0.0,60.0,2.0,2.0,1.0,1.0,1600.0
308,Ponta Negra,24,450.0,55.0,2.0,1.0,1.0,1.0,1500.0
310,Ponta Negra,24,300.0,46.0,2.0,1.0,0.0,1.0,1200.0
312,Capim Macio,5,0.0,43.0,2.0,1.0,0.0,1.0,1100.0
313,Capim Macio,5,460.0,68.0,3.0,2.0,1.0,1.0,940.0
314,Cidade da Esperança,9,498.0,53.0,2.0,2.0,1.0,1.0,700.0
316,Ponta Negra,24,0.0,59.0,2.0,2.0,1.0,1.0,2000.0
317,Lagoa Nova,13,0.0,90.0,3.0,2.0,1.0,2.0,1650.0
319,Candelária,4,0.0,136.0,3.0,4.0,3.0,3.0,4500.0
320,Ponta Negra,24,0.0,52.0,2.0,2.0,1.0,1.0,1280.0
321,Neópolis,17,0.0,55.0,2.0,2.0,1.0,1.0,1350.0
322,Cidade da Esperança,9,0.0,75.0,2.0,2.0,1.0,1.0,1399.0
323,Ponta Negra,24,0.0,58.0,2.0,1.0,0.0,1.0,1300.0
324,Petrópolis,20,0.0,110.0,3.0,1.0,0.0,0.0,1200.0
325,Ponta Negra,24,380.0,56.0,2.0,2.0,1.0,1.0,1800.0
327,Barro Vermelho,2,0.0,50.0,1.0,1.0,0.0,1.0,1100.0
328,Tirol,29,450.0,55.0,2.0,2.0,1.0,1.0,1100.0
329,Capim Macio,5,0.0,120.0,2.0,3.0,1.0,1.0,1499.0
330,Tirol,29,0.0,79.0,2.0,3.0,1.0,2.0,2500.0
333,Lagoa Nova,13,0.0,64.0,3.0,2.0,1.0,1.0,1600.0
334,Ponta Negra,24,0.0,59.0,2.0,2.0,1.0,1.0,2200.0
335,Nossa Senhora de Nazaré,18,300.0,56.0,2.0,1.0,1.0,1.0,1125.0
336,Ponta Negra,24,350.0,47.0,2.0,2.0,1.0,1.0,1500.0
337,Pitimbu,22,293.0,55.0,2.0,1.0,1.0,1.0,950.0
338,Ponta Negra,24,0.0,95.0,3.0,4.0,3.0,2.0,2600.0
339,Ponta Negra,24,500.0,111.0,3.0,2.0,1.0,2.0,2500.0
340,Petrópolis,20,460.0,54.0,2.0,2.0,1.0,1.0,700.0
342,Ponta Negra,24,0.0,33.0,1.0,1.0,0.0,1.0,1300.0
343,Ponta Negra,24,0.0,54.0,2.0,2.0,1.0,1.0,1350.0
345,Areia Preta,1,0.0,123.0,2.0,1.0,1.0,2.0,2100.0
346,Ponta Negra,24,0.0,46.0,2.0,1.0,0.0,1.0,1150.0
347,Morro Branco,15,0.0,85.0,3.0,2.0,0.0,1.0,1250.0
348,Lagoa Nova,13,0.0,81.0,3.0,3.0,1.0,2.0,2200.0
349,Lagoa Nova,13,550.0,112.0,3.0,4.0,3.0,2.0,2450.0
350,Capim Macio,5,0.0,57.0,2.0,2.0,1.0,1.0,1600.0
351,Ponta Negra,24,700.0,57.0,2.0,2.0,1.0,1.0,1600.0
353,Ponta Negra,24,0.0,57.0,2.0,2.0,1.0,1.0,2600.0
355,Lagoa Nova,13,800.0,114.0,3.0,3.0,3.0,2.0,1700.0
357,Nossa Senhora de Nazaré,18,0.0,95.0,3.0,4.0,3.0,2.0,2000.0
358,Ponta Negra,24,0.0,67.0,3.0,2.0,1.0,2.0,2000.0
359,Neópolis,17,347.0,67.0,2.0,1.0,1.0,1.0,1553.0
360,Tirol,29,800.0,82.0,3.0,2.0,1.0,1.0,1100.0
361,Tirol,29,0.0,28.0,1.0,1.0,1.0,1.0,1600.0
362,Candelária,4,0.0,130.0,3.0,3.0,1.0,2.0,2600.0
363,Tirol,29,0.0,58.0,2.0,1.0,1.0,1.0,2100.0
364,Petrópolis,20,400.0,90.0,3.0,3.0,1.0,2.0,1900.0
366,Ponta Negra,24,0.0,60.0,2.0,2.0,2.0,1.0,2500.0
367,Nossa Senhora de Nazaré,18,300.0,56.0,2.0,1.0,1.0,1.0,1200.0
368,Ponta Negra,24,420.0,52.0,2.0,1.0,1.0,1.0,1280.0
369,Ponta Negra,24,0.0,56.0,2.0,2.0,1.0,1.0,1900.0
370,Ponta Negra,24,0.0,55.0,2.0,2.0,1.0,1.0,2800.0
372,Petrópolis,20,0.0,52.0,2.0,2.0,1.0,1.0,1400.0
373,Cidade Satelite,8,230.0,55.0,2.0,1.0,1.0,1.0,550.0
375,Capim Macio,5,675.0,98.0,3.0,3.0,1.0,2.0,1700.0
376,Candelária,4,0.0,100.0,3.0,3.0,1.0,2.0,2500.0
377,Ponta Negra,24,0.0,52.0,2.0,2.0,1.0,1.0,2900.0
379,Capim Macio,5,1.0,55.0,2.0,2.0,1.0,1.0,1500.0
380,Lagoa Nova,13,0.0,106.0,3.0,4.0,2.0,2.0,2600.0
381,Ponta Negra,24,0.0,56.0,2.0,2.0,1.0,1.0,1500.0
382,Ponta Negra,24,0.0,55.0,2.0,2.0,2.0,1.0,2300.0
383,Ponta Negra,24,400.0,58.0,2.0,2.0,1.0,1.0,1650.0
384,Neópolis,17,0.0,92.0,2.0,1.0,1.0,2.0,2000.0
387,Tirol,29,0.0,95.0,3.0,3.0,1.0,2.0,2300.0
388,Tirol,29,0.0,110.0,3.0,2.0,1.0,1.0,2120.0
389,Ponta Negra,24,0.0,59.0,2.0,2.0,1.0,1.0,1900.0
390,Lagoa Nova,13,400.0,65.0,3.0,1.0,1.0,1.0,1700.0
391,Pitimbu,22,0.0,60.0,2.0,2.0,1.0,2.0,1300.0
393,Cidade da Esperança,9,403.0,80.0,3.0,1.0,0.0,1.0,500.0
394,Ponta Negra,24,0.0,56.0,2.0,2.0,1.0,1.0,2200.0
395,Lagoa Nova,13,0.0,58.0,2.0,2.0,1.0,2.0,2500.0
398,Ponta Negra,24,519.0,79.0,3.0,3.0,0.0,2.0,1770.0
402,Tirol,29,0.0,90.0,2.0,1.0,0.0,1.0,3200.0
403,Ponta Negra,24,0.0,99.0,2.0,2.0,1.0,2.0,3500.0
405,Petrópolis,20,650.0,77.0,3.0,3.0,2.0,2.0,1295.0
408,Tirol,29,0.0,104.0,3.0,2.0,2.0,2.0,2500.0
409,Petrópolis,20,0.0,85.0,2.0,2.0,1.0,1.0,2500.0
410,Neópolis,17,390.0,72.0,3.0,2.0,0.0,1.0,1300.0
411,Ponta Negra,24,0.0,55.0,2.0,2.0,1.0,1.0,2600.0
412,Candelária,4,350.0,56.0,2.0,1.0,1.0,1.0,1100.0
413,Capim Macio,5,0.0,56.0,2.0,2.0,1.0,1.0,1500.0
415,Cidade da Esperança,9,0.0,53.0,2.0,2.0,1.0,1.0,1450.0
416,Capim Macio,5,500.0,108.0,4.0,3.0,2.0,2.0,2500.0
417,Tirol,29,840.0,100.0,3.0,1.0,1.0,2.0,1500.0
418,Neópolis,17,100.0,64.0,2.0,2.0,1.0,1.0,550.0
419,Lagoa Nova,13,0.0,70.0,3.0,2.0,1.0,1.0,2200.0
421,Neópolis,17,0.0,54.0,2.0,2.0,1.0,1.0,1300.0
422,Ponta Negra,24,0.0,55.0,2.0,1.0,0.0,1.0,1800.0
423,Ponta Negra,24,0.0,50.0,2.0,1.0,0.0,1.0,1000.0
424,Candelária,4,0.0,57.0,2.0,2.0,1.0,1.0,1575.0
425,Ponta Negra,24,0.0,56.0,2.0,2.0,1.0,1.0,1300.0
426,Tirol,29,525.0,57.0,2.0,1.0,1.0,1.0,920.0
427,Ponta Negra,24,0.0,56.0,2.0,2.0,1.0,2.0,2500.0
428,Ponta Negra,24,0.0,55.0,2.0,2.0,1.0,1.0,2800.0
429,Ponta Negra,24,0.0,55.0,2.0,2.0,1.0,1.0,2900.0
430,Cidade da Esperança,9,0.0,53.0,2.0,2.0,1.0,1.0,1450.0
431,Lagoa Nova,13,0.0,136.0,3.0,5.0,3.0,3.0,4000.0
432,Ponta Negra,24,0.0,49.0,2.0,1.0,0.0,1.0,1300.0
434,Capim Macio,5,0.0,68.0,3.0,2.0,1.0,2.0,1600.0
435,Petrópolis,20,0.0,118.0,3.0,2.0,2.0,2.0,2700.0
437,Ponta Negra,24,0.0,58.0,2.0,2.0,1.0,1.0,1600.0
438,Ponta Negra,24,500.0,79.0,3.0,3.0,1.0,2.0,2500.0
440,Capim Macio,5,0.0,56.0,2.0,2.0,1.0,1.0,1500.0
441,Mãe Luíza,16,0.0,110.0,3.0,4.0,2.0,2.0,2900.0
442,Tirol,29,0.0,120.0,3.0,5.0,3.0,2.0,3500.0
443,Neópolis,17,280.0,60.0,2.0,1.0,0.0,1.0,550.0
446,Lagoa Nova,13,150.0,64.0,1.0,1.0,1.0,1.0,650.0
447,Lagoa Nova,13,643.0,108.0,3.0,1.0,2.0,2.0,1700.0
448,Neópolis,17,445.0,87.0,3.0,1.0,1.0,2.0,1600.0
449,Barro Vermelho,2,0.0,56.0,2.0,1.0,0.0,1.0,1600.0
450,Capim Macio,5,0.0,55.0,2.0,1.0,0.0,1.0,1505.0
451,Nova Descoberta,19,314.0,60.0,3.0,2.0,1.0,1.0,500.0
452,Lagoa Nova,13,470.0,98.0,3.0,1.0,0.0,1.0,900.0
453,Ponta Negra,24,0.0,55.0,2.0,2.0,1.0,1.0,2900.0
454,Ponta Negra,24,300.0,46.0,2.0,1.0,0.0,1.0,820.0
455,Capim Macio,5,430.0,76.0,3.0,2.0,1.0,1.0,1400.0
456,Planalto,23,250.0,58.0,2.0,1.0,0.0,1.0,550.0
458,Ponta Negra,24,0.0,50.0,2.0,1.0,0.0,1.0,1500.0
459,Lagoa Nova,13,0.0,69.0,3.0,1.0,0.0,1.0,1400.0
461,Lagoa Seca,14,0.0,79.0,3.0,2.0,1.0,2.0,2100.0
462,Alecrim,0,70.0,30.0,1.0,1.0,1.0,0.0,480.0
463,Candelária,4,430.0,94.0,2.0,2.0,1.0,1.0,650.0
464,Ponta Negra,24,0.0,55.0,2.0,2.0,1.0,1.0,2700.0
466,Pitimbu,22,332.0,55.0,2.0,2.0,1.0,1.0,1100.0
467,Barro Vermelho,2,510.0,57.0,2.0,2.0,0.0,2.0,2100.0
468,Capim Macio,5,500.0,92.0,3.0,2.0,1.0,2.0,3200.0
470,Lagoa Nova,13,0.0,140.0,3.0,3.0,2.0,2.0,1700.0
471,Candelária,4,370.0,57.0,2.0,2.0,1.0,1.0,1000.0
474,Ponta Negra,24,0.0,56.0,2.0,2.0,1.0,1.0,2600.0
475,Tirol,29,0.0,57.0,2.0,2.0,2.0,1.0,2000.0
476,Tirol,29,0.0,64.0,2.0,1.0,0.0,1.0,2800.0
477,Tirol,29,375.0,57.0,2.0,1.0,1.0,1.0,1075.0
479,Tirol,29,413.0,56.0,2.0,1.0,1.0,1.0,1100.0
481,Capim Macio,5,0.0,87.0,3.0,2.0,1.0,1.0,2800.0
483,Neópolis,17,300.0,80.0,2.0,1.0,1.0,1.0,750.0
485,Capim Macio,5,0.0,75.0,3.0,3.0,1.0,1.0,2500.0
486,Tirol,29,340.0,80.0,3.0,2.0,1.0,1.0,1500.0
487,Ponta Negra,24,0.0,79.0,2.0,2.0,1.0,7.0,2800.0
488,Candelária,4,0.0,123.0,3.0,4.0,3.0,2.0,2700.0
489,Ponta Negra,24,500.0,79.0,3.0,3.0,1.0,2.0,3000.0
490,Neópolis,17,120.0,80.0,3.0,2.0,1.0,1.0,800.0
492,Lagoa Nova,13,0.0,90.0,3.0,1.0,1.0,2.0,2000.0
493,Capim Macio,5,0.0,58.0,2.0,1.0,0.0,0.0,1300.0
494,Ponta Negra,24,0.0,56.0,2.0,2.0,2.0,1.0,3000.0
496,sept Rosado,31,350.0,55.0,2.0,1.0,1.0,1.0,1100.0
497,Ponta Negra,24,0.0,50.0,2.0,1.0,0.0,0.0,2200.0
498,Morro Branco,15,260.0,60.0,2.0,1.0,0.0,1.0,650.0
499,Cidade da Esperança,9,0.0,54.0,2.0,2.0,1.0,1.0,1200.0
500,Cidade Alta,6,0.0,56.0,2.0,2.0,2.0,1.0,1300.0
502,Ponta Negra,24,1000.0,98.0,3.0,3.0,1.0,2.0,1900.0
504,Ponta Negra,24,700.0,99.0,3.0,3.0,1.0,2.0,2000.0
505,Ponta Negra,24,350.0,51.0,2.0,2.0,1.0,1.0,1900.0
509,Ponta Negra,24,0.0,56.0,2.0,2.0,2.0,1.0,3000.0
510,Capim Macio,5,0.0,87.0,3.0,2.0,1.0,2.0,3200.0
512,Tirol,29,0.0,108.0,3.0,4.0,2.0,2.0,2400.0
513,Ponta Negra,24,0.0,56.0,2.0,2.0,1.0,1.0,4000.0
514,Ponta Negra,24,743.0,96.0,3.0,1.0,1.0,2.0,1200.0
515,Ponta Negra,24,1.0,52.0,2.0,2.0,1.0,1.0,2200.0
516,Ponta Negra,24,0.0,95.0,3.0,3.0,1.0,2.0,2500.0
517,Capim Macio,5,0.0,60.0,2.0,2.0,1.0,1.0,1500.0
519,Neópolis,17,0.0,76.0,3.0,2.0,2.0,2.0,1750.0
521,Ponta Negra,24,0.0,56.0,2.0,1.0,0.0,1.0,1800.0
522,Lagoa Nova,13,580.0,90.0,2.0,2.0,0.0,1.0,800.0
523,Capim Macio,5,500.0,112.0,3.0,3.0,1.0,2.0,1000.0
524,Capim Macio,5,0.0,90.0,3.0,1.0,1.0,2.0,2600.0
525,Lagoa Nova,13,340.0,110.0,3.0,1.0,0.0,1.0,750.0
527,Ponta Negra,24,0.0,55.0,2.0,1.0,0.0,1.0,1500.0
528,Tirol,29,335.0,98.0,3.0,1.0,1.0,1.0,1165.0
530,Ponta Negra,24,500.0,94.0,3.0,3.0,1.0,2.0,2500.0
531,Ponta Negra,24,0.0,95.0,3.0,4.0,3.0,2.0,2500.0
532,Tirol,29,630.0,90.0,2.0,1.0,1.0,1.0,720.0
533,Capim Macio,5,0.0,55.0,2.0,1.0,1.0,1.0,1450.0
534,Rocas,28,0.0,60.0,2.0,2.0,1.0,1.0,1500.0
535,Capim Macio,5,0.0,90.0,3.0,3.0,1.0,2.0,2800.0
537,Tirol,29,0.0,88.0,2.0,1.0,0.0,1.0,1800.0
538,Ponta Negra,24,0.0,52.0,2.0,2.0,1.0,1.0,2700.0
539,Ponta Negra,24,0.0,110.0,3.0,1.0,1.0,2.0,2900.0
540,Ponta Negra,24,0.0,54.0,2.0,1.0,1.0,1.0,2300.0
541,Lagoa Nova,13,0.0,80.0,2.0,2.0,1.0,1.0,1100.0
542,Ponta Negra,24,0.0,54.0,2.0,2.0,1.0,1.0,2800.0
543,Ponta Negra,24,0.0,55.0,2.0,2.0,1.0,1.0,2800.0
544,Ponta Negra,24,0.0,54.0,2.0,2.0,1.0,1.0,2500.0
545,Ponta Negra,24,0.0,65.0,2.0,2.0,1.0,1.0,2700.0
546,Ponta Negra,24,400.0,55.0,2.0,1.0,1.0,1.0,1200.0
548,Capim Macio,5,0.0,108.0,3.0,3.0,1.0,2.0,3000.0
550,Ponta Negra,24,0.0,45.0,1.0,1.0,0.0,1.0,1200.0
551,Lagoa Nova,13,0.0,30.0,1.0,1.0,0.0,0.0,800.0
553,Pitimbu,22,0.0,94.0,3.0,3.0,1.0,2.0,2500.0
554,Petrópolis,20,0.0,96.0,3.0,1.0,2.0,2.0,2200.0
555,Lagoa Nova,13,350.0,86.0,2.0,1.0,1.0,2.0,821.0
558,Tirol,29,0.0,93.0,3.0,3.0,1.0,2.0,2500.0
559,Ponta Negra,24,0.0,57.0,2.0,2.0,1.0,1.0,2500.0
563,Ponta Negra,24,330.0,60.0,2.0,2.0,1.0,1.0,1100.0
564,Capim Macio,5,650.0,76.0,3.0,3.0,2.0,1.0,898.0
565,Lagoa Nova,13,0.0,99.0,3.0,5.0,3.0,2.0,3500.0
566,Tirol,29,0.0,63.0,2.0,2.0,1.0,1.0,1700.0
567,Candelária,4,0.0,56.0,2.0,2.0,1.0,0.0,1600.0
568,Capim Macio,5,0.0,109.0,3.0,2.0,1.0,2.0,2470.0
570,Ponta Negra,24,0.0,56.0,2.0,2.0,1.0,1.0,1300.0
571,Cidade Alta,6,350.0,56.0,2.0,1.0,1.0,1.0,935.0
572,Ponta Negra,24,500.0,111.0,3.0,2.0,1.0,2.0,2500.0
574,Vila de Ponta Negra,30,0.0,56.0,2.0,2.0,1.0,5.0,1800.0
575,Neópolis,17,0.0,78.0,3.0,2.0,1.0,2.0,1750.0
576,Ponta Negra,24,0.0,110.0,3.0,2.0,1.0,10.0,3000.0
578,Capim Macio,5,1150.0,91.0,3.0,1.0,2.0,2.0,850.0
579,Ponta Negra,24,350.0,47.0,2.0,2.0,1.0,1.0,1030.0
580,sept Rosado,31,0.0,67.0,2.0,2.0,1.0,1.0,1400.0
582,Vila de Ponta Negra,30,0.0,56.0,2.0,2.0,1.0,2.0,1200.0
583,Lagoa Nova,13,660.0,111.0,3.0,1.0,3.0,0.0,2540.0
584,Ponta Negra,24,0.0,77.0,3.0,2.0,1.0,0.0,1300.0
585,Ponta Negra,24,0.0,55.0,2.0,2.0,1.0,1.0,1350.0
588,Tirol,29,0.0,120.0,3.0,2.0,1.0,1.0,1300.0
589,Lagoa Nova,13,0.0,68.0,3.0,1.0,1.0,1.0,1400.0
590,Ponta Negra,24,500.0,60.0,2.0,1.0,0.0,1.0,1400.0
593,Cidade Satelite,8,350.0,58.0,2.0,1.0,1.0,2.0,800.0
594,Capim Macio,5,0.0,96.0,2.0,2.0,1.0,1.0,3000.0
596,Neópolis,17,0.0,60.0,2.0,2.0,1.0,1.0,1300.0
597,Lagoa Nova,13,500.0,88.0,3.0,2.0,1.0,2.0,2000.0
599,Pitimbu,22,450.0,57.0,2.0,1.0,1.0,1.0,900.0
601,Capim Macio,5,650.0,80.0,3.0,1.0,1.0,1.0,1500.0
602,Areia Preta,1,0.0,35.0,1.0,1.0,1.0,1.0,3000.0
605,Tirol,29,810.0,90.0,3.0,2.0,1.0,1.0,1600.0
606,Lagoa Nova,13,0.0,116.0,3.0,1.0,1.0,1.0,1800.0
608,Ponta Negra,24,500.0,55.0,2.0,2.0,1.0,1.0,1065.0
610,Capim Macio,5,0.0,100.0,4.0,4.0,3.0,3.0,2700.0
612,Cidade Satelite,8,350.0,58.0,2.0,1.0,1.0,2.0,950.0
613,Lagoa Nova,13,564.0,80.0,3.0,2.0,1.0,1.0,1000.0
614,Lagoa Nova,13,0.0,60.0,2.0,2.0,1.0,2.0,2500.0
615,Tirol,29,0.0,69.0,2.0,1.0,0.0,1.0,2600.0
616,Candelária,4,1056.0,105.0,3.0,3.0,2.0,2.0,1600.0
617,Pitimbu,22,270.0,49.0,2.0,1.0,0.0,1.0,1100.0
618,Capim Macio,5,0.0,109.0,4.0,2.0,1.0,2.0,2900.0
619,Candelária,4,0.0,56.0,2.0,2.0,1.0,1.0,1500.0
620,Lagoa Nova,13,300.0,56.0,2.0,1.0,1.0,1.0,1100.0
622,Lagoa Nova,13,0.0,80.0,2.0,2.0,1.0,1.0,1100.0
623,Capim Macio,5,0.0,28.0,1.0,1.0,1.0,0.0,600.0
624,Areia Preta,1,0.0,54.0,2.0,1.0,1.0,1.0,2500.0
626,Ponta Negra,24,0.0,55.0,1.0,1.0,1.0,0.0,1700.0
627,Capim Macio,5,0.0,92.0,3.0,1.0,1.0,2.0,3200.0
628,Petrópolis,20,730.0,90.0,3.0,3.0,2.0,2.0,1215.0
629,Candelária,4,0.0,57.0,2.0,2.0,1.0,1.0,1350.0
632,Tirol,29,0.0,64.0,2.0,1.0,0.0,1.0,2200.0
633,Capim Macio,5,397.0,56.0,2.0,1.0,1.0,2.0,1250.0
635,Ponta Negra,24,0.0,60.0,2.0,2.0,1.0,1.0,2100.0
636,Pitimbu,22,0.0,56.0,2.0,1.0,1.0,1.0,1700.0
638,Ponta Negra,24,0.0,30.0,1.0,1.0,1.0,0.0,700.0
639,Capim Macio,5,0.0,76.0,3.0,2.0,1.0,1.0,2500.0
640,Capim Macio,5,0.0,80.0,3.0,2.0,1.0,1.0,1700.0
643,Tirol,29,0.0,64.0,2.0,2.0,1.0,1.0,1000.0
644,Neópolis,17,0.0,92.0,3.0,1.0,1.0,2.0,2500.0
645,Ponta Negra,24,0.0,60.0,2.0,2.0,1.0,1.0,1600.0
646,Lagoa Nova,13,0.0,55.0,2.0,1.0,0.0,1.0,1600.0
648,Candelária,4,350.0,55.0,2.0,1.0,1.0,2.0,1100.0
649,Lagoa Nova,13,300.0,55.0,2.0,1.0,1.0,1.0,1300.0
650,Capim Macio,5,0.0,76.0,2.0,2.0,1.0,1.0,1000.0
651,Barro Vermelho,2,0.0,110.0,3.0,4.0,2.0,2.0,2500.0
653,Ponta Negra,24,0.0,56.0,2.0,2.0,1.0,1.0,1600.0
654,Neópolis,17,0.0,72.0,3.0,2.0,1.0,1.0,2000.0
655,Lagoa Nova,13,675.0,128.0,3.0,4.0,3.0,3.0,2400.0
659,Areia Preta,1,600.0,106.0,3.0,3.0,2.0,2.0,1755.0
660,Candelária,4,414.0,56.0,2.0,1.0,1.0,1.0,1200.0
661,Pitimbu,22,0.0,55.0,2.0,2.0,1.0,1.0,1400.0
662,Capim Macio,5,1200.0,123.0,3.0,3.0,1.0,2.0,1400.0
663,Capim Macio,5,0.0,52.0,3.0,1.0,1.0,1.0,1375.0
664,Ponta Negra,24,0.0,57.0,2.0,2.0,1.0,1.0,2300.0
666,Ponta Negra,24,400.0,74.0,2.0,1.0,1.0,1.0,1000.0
667,Lagoa Nova,13,0.0,90.0,3.0,3.0,1.0,2.0,2300.0
668,Tirol,29,310.0,48.0,1.0,1.0,0.0,1.0,400.0
670,Candelária,4,660.0,54.0,2.0,1.0,1.0,1.0,900.0
671,Lagoa Nova,13,0.0,83.0,3.0,2.0,1.0,2.0,1800.0
672,Capim Macio,5,0.0,57.0,2.0,2.0,1.0,2.0,2100.0
673,Pitimbu,22,450.0,57.0,2.0,1.0,1.0,1.0,1000.0
674,Ponta Negra,24,0.0,56.0,2.0,1.0,0.0,0.0,2700.0
675,Cidade Satelite,8,0.0,57.0,2.0,2.0,1.0,2.0,1250.0
679,Tirol,29,475.0,55.0,2.0,2.0,1.0,1.0,1700.0
680,Candelária,4,573.0,69.0,3.0,4.0,3.0,2.0,1300.0
681,Candelária,4,315.0,57.0,2.0,1.0,1.0,1.0,1485.0
682,Ponta Negra,24,350.0,10.0,2.0,1.0,1.0,1.0,1600.0
683,Capim Macio,5,0.0,109.0,4.0,3.0,2.0,4.0,3500.0
685,Ponta Negra,24,250.0,56.0,2.0,1.0,1.0,1.0,909.0
686,Capim Macio,5,0.0,98.0,3.0,3.0,3.0,2.0,3600.0
687,Ponta Negra,24,0.0,40.0,1.0,1.0,0.0,1.0,1000.0
688,Ponta Negra,24,1.0,56.0,2.0,2.0,1.0,1.0,2100.0
689,Tirol,29,675.0,56.0,2.0,2.0,1.0,1.0,750.0
690,Capim Macio,5,495.0,52.0,2.0,1.0,1.0,1.0,700.0
691,Cidade da Esperança,9,1.0,30.0,1.0,1.0,0.0,1.0,400.0
692,Alecrim,0,0.0,98.0,3.0,2.0,1.0,2.0,2000.0
694,Ponta Negra,24,0.0,102.0,3.0,3.0,3.0,2.0,2800.0
695,Pitimbu,22,280.0,49.0,2.0,1.0,0.0,1.0,1100.0
696,Areia Preta,1,0.0,87.0,2.0,1.0,1.0,1.0,2400.0
697,Ponta Negra,24,0.0,55.0,2.0,2.0,1.0,1.0,2300.0
698,Candelária,4,0.0,98.0,3.0,3.0,1.0,2.0,2900.0
699,Ponta Negra,24,0.0,56.0,2.0,1.0,0.0,1.0,1650.0
700,Neópolis,17,0.0,126.0,3.0,3.0,1.0,2.0,3000.0
702,Areia Preta,1,0.0,40.0,1.0,1.0,1.0,0.0,2300.0
704,Capim Macio,5,0.0,87.0,3.0,2.0,1.0,2.0,1300.0
706,Ponta Negra,24,0.0,55.0,2.0,2.0,1.0,1.0,2300.0
707,Ponta Negra,24,0.0,40.0,1.0,1.0,1.0,1.0,800.0
708,Ponta Negra,24,0.0,46.0,2.0,1.0,0.0,1.0,1200.0
709,Capim Macio,5,198.0,55.0,2.0,1.0,0.0,1.0,1200.0
710,Ponta Negra,24,280.0,55.0,2.0,1.0,1.0,1.0,750.0
711,Tirol,29,0.0,83.0,3.0,2.0,1.0,2.0,2500.0
712,Igapó,12,0.0,55.0,2.0,1.0,0.0,1.0,330.0
715,Pitimbu,22,350.0,55.0,2.0,1.0,1.0,2.0,900.0
716,Candelária,4,0.0,123.0,3.0,3.0,3.0,2.0,2600.0
717,Ponta Negra,24,330.0,56.0,2.0,1.0,1.0,1.0,1100.0
719,Capim Macio,5,0.0,57.0,2.0,1.0,1.0,2.0,1900.0
720,Pitimbu,22,1.0,56.0,2.0,1.0,0.0,1.0,650.0
721,Lagoa Nova,13,355.0,56.0,2.0,2.0,1.0,1.0,950.0
722,Ponta Negra,24,950.0,98.0,3.0,3.0,1.0,2.0,2000.0
723,Petrópolis,20,0.0,55.0,2.0,2.0,1.0,1.0,1800.0
724,Capim Macio,5,0.0,36.0,1.0,1.0,0.0,1.0,700.0
725,Lagoa Nova,13,500.0,70.0,3.0,1.0,0.0,1.0,950.0
727,Ponta Negra,24,0.0,43.0,1.0,1.0,1.0,1.0,1400.0
728,Ponta Negra,24,0.0,60.0,2.0,1.0,1.0,0.0,1600.0
730,Bom Pastor,3,1.0,100.0,3.0,2.0,0.0,1.0,1200.0
732,Ponta Negra,24,0.0,68.0,2.0,1.0,0.0,1.0,1550.0
733,Capim Macio,5,0.0,62.0,2.0,2.0,1.0,1.0,1457.0
735,Neópolis,17,0.0,64.0,2.0,1.0,1.0,1.0,1650.0
736,Ponta Negra,24,0.0,101.0,3.0,1.0,1.0,2.0,2700.0
737,Ponta Negra,24,0.0,59.0,2.0,2.0,2.0,1.0,2200.0
738,Capim Macio,5,0.0,45.0,1.0,1.0,1.0,1.0,1200.0
739,Lagoa Nova,13,485.0,57.0,2.0,1.0,1.0,2.0,1540.0
741,Ponta Negra,24,0.0,54.0,2.0,2.0,2.0,1.0,1650.0
742,Ponta Negra,24,795.0,96.0,4.0,3.0,1.0,2.0,1500.0
743,Capim Macio,5,400.0,75.0,3.0,1.0,1.0,2.0,1200.0
744,Morro Branco,15,0.0,33.0,1.0,1.0,0.0,0.0,450.0
745,Capim Macio,5,0.0,60.0,2.0,2.0,1.0,1.0,1650.0
746,Capim Macio,5,0.0,109.0,3.0,2.0,1.0,2.0,2570.0
748,Tirol,29,758.0,96.0,3.0,1.0,0.0,1.0,1000.0
750,Rocas,28,430.0,56.0,2.0,2.0,1.0,1.0,1000.0
751,Ponta Negra,24,0.0,59.0,2.0,2.0,1.0,1.0,2600.0
752,Lagoa Seca,14,80.0,48.0,1.0,1.0,0.0,0.0,650.0
753,Lagoa Nova,13,160.0,40.0,1.0,1.0,0.0,1.0,650.0
754,Neópolis,17,0.0,72.0,3.0,2.0,1.0,1.0,2000.0
755,Ponta Negra,24,0.0,34.0,1.0,1.0,1.0,0.0,1500.0
756,Ponta Negra,24,0.0,35.0,1.0,1.0,0.0,1.0,1600.0
758,Ponta Negra,24,0.0,94.0,3.0,1.0,1.0,2.0,1600.0
759,Ponta Negra,24,350.0,50.0,2.0,2.0,1.0,1.0,1350.0
760,Capim Macio,5,675.0,100.0,3.0,3.0,1.0,2.0,1700.0
761,Capim Macio,5,655.0,98.0,3.0,1.0,1.0,2.0,1600.0
762,Lagoa Nova,13,836.0,90.0,3.0,3.0,2.0,1.0,600.0
764,Barro Vermelho,2,804.0,100.0,3.0,1.0,1.0,1.0,750.0
765,Ponta Negra,24,0.0,55.0,2.0,2.0,1.0,1.0,1800.0
766,Capim Macio,5,0.0,80.0,3.0,1.0,1.0,1.0,1550.0
768,Nossa Senhora de Nazaré,18,0.0,55.0,2.0,2.0,1.0,1.0,2200.0
769,Ponta Negra,24,460.0,55.0,1.0,1.0,1.0,1.0,1000.0
770,Ponta Negra,24,0.0,10.0,1.0,1.0,1.0,0.0,1800.0
771,Ponta Negra,24,680.0,90.0,3.0,1.0,3.0,2.0,1800.0
773,Barro Vermelho,2,80.0,40.0,1.0,1.0,0.0,0.0,650.0
774,Ponta Negra,24,0.0,56.0,2.0,2.0,1.0,1.0,1450.0
775,Capim Macio,5,0.0,56.0,2.0,2.0,1.0,2.0,1550.0
776,Ponta Negra,24,0.0,110.0,2.0,2.0,0.0,1.0,1350.0
778,Ponta Negra,24,0.0,98.0,2.0,1.0,1.0,2.0,2500.0
780,Lagoa Nova,13,0.0,80.0,2.0,2.0,1.0,1.0,1100.0
781,Ponta Negra,24,0.0,68.0,2.0,1.0,0.0,1.0,1500.0
784,Cidade Satelite,8,250.0,50.0,2.0,1.0,0.0,1.0,450.0
785,Tirol,29,0.0,58.0,2.0,1.0,1.0,0.0,2000.0
786,Petrópolis,20,0.0,56.0,1.0,2.0,0.0,1.0,2000.0
787,Alecrim,0,60.0,35.0,1.0,1.0,0.0,0.0,480.0
789,Ponta Negra,24,0.0,60.0,2.0,2.0,1.0,0.0,1800.0
791,Lagoa Nova,13,0.0,105.0,3.0,3.0,1.0,0.0,2000.0
793,Ponta Negra,24,0.0,55.0,2.0,2.0,1.0,1.0,1700.0
794,Candelária,4,0.0,56.0,2.0,2.0,1.0,1.0,1800.0
795,Capim Macio,5,0.0,56.0,2.0,2.0,1.0,1.0,1400.0
796,Pitimbu,22,0.0,59.0,2.0,2.0,1.0,1.0,1000.0
797,Lagoa Nova,13,0.0,87.0,3.0,3.0,1.0,2.0,2600.0
798,Capim Macio,5,0.0,99.0,3.0,4.0,3.0,2.0,4000.0
799,Ponta Negra,24,1.0,94.0,3.0,2.0,1.0,2.0,2500.0
800,Capim Macio,5,350.0,82.0,3.0,3.0,3.0,1.0,2500.0
801,Lagoa Nova,13,500.0,81.0,3.0,2.0,1.0,1.0,1000.0
802,Capim Macio,5,0.0,48.0,2.0,2.0,1.0,1.0,1300.0
804,Capim Macio,5,0.0,105.0,3.0,3.0,2.0,2.0,2950.0
805,Tirol,29,0.0,63.0,2.0,2.0,1.0,1.0,1700.0
808,Ponta Negra,24,250.0,75.0,2.0,1.0,0.0,1.0,1000.0
810,Ponta Negra,24,0.0,48.0,2.0,1.0,0.0,1.0,680.0
811,Capim Macio,5,120.0,70.0,2.0,1.0,0.0,1.0,650.0
812,Ponta Negra,24,0.0,60.0,2.0,1.0,0.0,1.0,1500.0
813,Barro Vermelho,2,620.0,80.0,3.0,1.0,1.0,1.0,1100.0
814,Ponta Negra,24,650.0,92.0,3.0,1.0,0.0,2.0,2100.0
815,Ponta Negra,24,0.0,60.0,2.0,2.0,1.0,1.0,2000.0
816,Ponta Negra,24,0.0,55.0,2.0,2.0,1.0,1.0,1200.0
817,Lagoa Nova,13,700.0,98.0,3.0,3.0,1.0,2.0,1749.0
818,Ponta Negra,24,350.0,56.0,2.0,2.0,1.0,1.0,1200.0
819,Capim Macio,5,0.0,36.0,1.0,1.0,0.0,1.0,700.0
820,Tirol,29,0.0,140.0,3.0,3.0,3.0,1.0,2800.0
822,Cidade da Esperança,9,523.0,10.0,3.0,2.0,1.0,3.0,2177.0
824,Lagoa Nova,13,700.0,120.0,3.0,3.0,3.0,2.0,3200.0
826,Tirol,29,400.0,70.0,3.0,2.0,0.0,1.0,750.0
831,Candelária,4,0.0,123.0,3.0,4.0,3.0,2.0,2600.0
834,Barro Vermelho,2,0.0,108.0,3.0,5.0,3.0,2.0,3328.0
835,Ponta Negra,24,0.0,56.0,2.0,2.0,1.0,1.0,2600.0
837,Capim Macio,5,700.0,75.0,3.0,2.0,1.0,2.0,1700.0
838,Candelária,4,574.0,75.0,3.0,2.0,1.0,2.0,1200.0
840,Ponta Negra,24,0.0,57.0,2.0,2.0,2.0,1.0,1800.0
841,Capim Macio,5,450.0,56.0,2.0,2.0,1.0,1.0,1000.0
842,Neópolis,17,0.0,58.0,2.0,2.0,1.0,1.0,1360.0
843,Capim Macio,5,0.0,84.0,1.0,2.0,1.0,1.0,1500.0
844,Pitimbu,22,0.0,58.0,2.0,2.0,1.0,1.0,1200.0
845,Ponta Negra,24,0.0,60.0,2.0,1.0,0.0,1.0,1300.0
846,Ponta Negra,24,0.0,58.0,2.0,2.0,1.0,1.0,3000.0
848,Capim Macio,5,0.0,98.0,3.0,3.0,1.0,2.0,2550.0
851,Capim Macio,5,0.0,50.0,2.0,1.0,0.0,1.0,1200.0
852,Ponta Negra,24,0.0,54.0,2.0,2.0,1.0,1.0,2500.0
853,Capim Macio,5,0.0,60.0,2.0,2.0,2.0,1.0,1600.0
854,Lagoa Nova,13,630.0,90.0,3.0,1.0,2.0,2.0,1500.0
855,Tirol,29,840.0,100.0,3.0,1.0,1.0,2.0,1500.0
856,Ponta Negra,24,0.0,55.0,2.0,2.0,1.0,0.0,2800.0
857,Tirol,29,0.0,98.0,3.0,2.0,1.0,2.0,2100.0
860,Capim Macio,5,0.0,60.0,2.0,2.0,1.0,1.0,1100.0
861,Tirol,29,1670.0,110.0,4.0,1.0,2.0,2.0,830.0
862,Ponta Negra,24,0.0,55.0,2.0,1.0,1.0,1.0,2200.0
863,Capim Macio,5,0.0,96.0,3.0,2.0,1.0,2.0,2800.0
864,Capim Macio,5,680.0,98.0,2.0,1.0,2.0,2.0,1820.0
865,Ponta Negra,24,0.0,65.0,2.0,2.0,1.0,1.0,2000.0
867,Capim Macio,5,0.0,138.0,3.0,4.0,3.0,2.0,3300.0
868,Ponta Negra,24,0.0,40.0,1.0,1.0,1.0,1.0,1650.0
869,Capim Macio,5,0.0,68.0,3.0,2.0,1.0,1.0,1550.0
870,Candelária,4,427.0,94.0,2.0,2.0,1.0,1.0,750.0
871,Ponta Negra,24,0.0,56.0,2.0,2.0,2.0,1.0,1700.0
872,Areia Preta,1,600.0,106.0,3.0,3.0,2.0,2.0,1255.0
873,Lagoa Nova,13,550.0,55.0,2.0,2.0,1.0,1.0,1000.0
875,Tirol,29,390.0,55.0,2.0,1.0,1.0,1.0,1100.0
877,Petrópolis,20,610.0,56.0,2.0,2.0,1.0,1.0,950.0
878,Capim Macio,5,0.0,98.0,3.0,2.0,1.0,2.0,2600.0
879,Candelária,4,350.0,58.0,3.0,1.0,1.0,1.0,600.0
880,Candelária,4,340.0,56.0,2.0,2.0,1.0,2.0,1200.0
882,Ponta Negra,24,0.0,40.0,1.0,1.0,1.0,1.0,2800.0
887,Tirol,29,700.0,79.0,3.0,2.0,1.0,1.0,1250.0
889,Petrópolis,20,457.0,130.0,3.0,1.0,0.0,1.0,900.0
890,Ponta Negra,24,0.0,50.0,2.0,1.0,0.0,1.0,1500.0
891,Ponta Negra,24,0.0,58.0,2.0,2.0,1.0,1.0,1500.0
892,Tirol,29,0.0,69.0,2.0,1.0,0.0,1.0,2800.0
894,Areia Preta,1,0.0,42.0,2.0,1.0,0.0,0.0,2000.0
896,Capim Macio,5,0.0,117.0,3.0,2.0,1.0,2.0,2000.0
897,Alecrim,0,60.0,35.0,1.0,1.0,0.0,0.0,480.0
900,Ponta Negra,24,0.0,56.0,2.0,2.0,1.0,1.0,2400.0
901,Candelária,4,370.0,57.0,2.0,1.0,1.0,1.0,1330.0
902,Capim Macio,5,1000.0,140.0,3.0,1.0,1.0,2.0,1000.0
904,Ponta Negra,24,0.0,96.0,3.0,2.0,1.0,2.0,2600.0
905,Capim Macio,5,0.0,98.0,3.0,2.0,1.0,2.0,2600.0
906,Ponta Negra,24,581.0,55.0,2.0,1.0,1.0,1.0,1518.0
908,Capim Macio,5,0.0,72.0,2.0,2.0,1.0,1.0,1750.0
909,Lagoa Nova,13,750.0,93.0,3.0,1.0,1.0,2.0,1750.0
910,Lagoa Nova,13,830.0,100.0,3.0,1.0,1.0,2.0,1700.0
911,Lagoa Nova,13,350.0,83.0,3.0,3.0,1.0,2.0,1500.0
914,Petrópolis,20,0.0,69.0,1.0,1.0,1.0,1.0,2250.0
915,Candelária,4,600.0,56.0,2.0,1.0,1.0,1.0,1000.0
916,Ponta Negra,24,0.0,98.0,2.0,2.0,1.0,2.0,2500.0
917,Capim Macio,5,0.0,108.0,4.0,3.0,2.0,2.0,3000.0
918,Planalto,23,250.0,58.0,2.0,1.0,0.0,1.0,750.0
919,Candelária,4,630.0,65.0,2.0,2.0,1.0,1.0,1710.0
920,Candelária,4,0.0,92.0,3.0,4.0,2.0,2.0,2200.0
921,Lagoa Nova,13,500.0,54.0,2.0,1.0,1.0,0.0,850.0
922,Lagoa Nova,13,470.0,58.0,2.0,2.0,1.0,2.0,2200.0
923,Praia do Meio,25,150.0,49.0,2.0,2.0,1.0,1.0,800.0
925,Tirol,29,0.0,63.0,2.0,1.0,0.0,1.0,2500.0
927,Ponta Negra,24,0.0,35.0,1.0,1.0,0.0,1.0,1350.0
928,Capim Macio,5,0.0,63.0,3.0,2.0,1.0,2.0,1650.0
929,Candelária,4,60.0,47.0,1.0,1.0,0.0,0.0,800.0
931,Ponta Negra,24,0.0,43.0,2.0,1.0,0.0,1.0,2500.0
933,Felipe Camarão,11,0.0,43.0,2.0,1.0,0.0,1.0,600.0
934,Capim Macio,5,0.0,60.0,2.0,1.0,0.0,1.0,700.0
935,Tirol,29,958.0,110.0,3.0,1.0,2.0,2.0,1400.0
936,Capim Macio,5,0.0,60.0,2.0,2.0,1.0,1.0,1600.0
937,Lagoa Nova,13,410.0,55.0,2.0,2.0,2.0,1.0,900.0
940,Candelária,4,580.0,59.0,2.0,2.0,1.0,1.0,1000.0
941,Ponta Negra,24,823.0,60.0,2.0,1.0,1.0,1.0,2000.0
942,Barro Vermelho,2,430.0,55.0,2.0,1.0,1.0,2.0,1000.0
946,Ponta Negra,24,0.0,98.0,3.0,2.0,1.0,2.0,2000.0
948,Candelária,4,0.0,70.0,3.0,1.0,0.0,1.0,1100.0
949,Lagoa Nova,13,600.0,110.0,3.0,2.0,2.0,2.0,2200.0
950,Petrópolis,20,0.0,125.0,2.0,1.0,1.0,1.0,2100.0
951,Ponta Negra,24,0.0,38.0,1.0,1.0,1.0,1.0,1000.0
952,Ponta Negra,24,0.0,40.0,1.0,1.0,0.0,1.0,1300.0
954,Ponta Negra,24,0.0,10.0,2.0,1.0,0.0,1.0,2000.0
955,Capim Macio,5,900.0,100.0,3.0,2.0,3.0,2.0,2200.0
956,Ponta Negra,24,300.0,56.0,2.0,1.0,1.0,0.0,1300.0
957,Capim Macio,5,0.0,98.0,2.0,4.0,2.0,2.0,2200.0
958,Lagoa Nova,13,0.0,45.0,1.0,1.0,0.0,0.0,1250.0
959,Ponta Negra,24,0.0,47.0,2.0,1.0,0.0,1.0,1300.0
962,Neópolis,17,0.0,75.0,3.0,1.0,2.0,1.0,2200.0
963,Ponta Negra,24,400.0,50.0,2.0,1.0,0.0,1.0,1100.0
965,Alecrim,0,70.0,30.0,1.0,1.0,0.0,0.0,480.0
966,Capim Macio,5,360.0,66.0,3.0,1.0,1.0,1.0,770.0
968,Candelária,4,500.0,80.0,3.0,2.0,1.0,2.0,1260.0
970,Ponta Negra,24,250.0,56.0,2.0,2.0,1.0,1.0,1000.0
971,Lagoa Nova,13,0.0,67.0,3.0,2.0,1.0,2.0,1600.0
972,Ponta Negra,24,0.0,54.0,2.0,2.0,1.0,2.0,1400.0
974,Candelária,4,570.0,102.0,3.0,4.0,2.0,2.0,1500.0
975,Lagoa Nova,13,250.0,88.0,2.0,1.0,1.0,2.0,1250.0
976,Capim Macio,5,400.0,55.0,2.0,2.0,1.0,1.0,1200.0
977,Cidade Jardim,7,0.0,20.0,4.0,1.0,2.0,5.0,6000.0
978,Ponta Negra,24,0.0,56.0,2.0,2.0,1.0,1.0,2500.0
979,Lagoa Nova,13,0.0,57.0,2.0,2.0,1.0,1.0,1400.0
980,Alecrim,0,130.0,30.0,1.0,1.0,0.0,0.0,480.0
981,Tirol,29,0.0,110.0,3.0,3.0,1.0,2.0,2250.0
982,Capim Macio,5,0.0,63.0,3.0,2.0,1.0,1.0,1500.0
983,Lagoa Nova,13,700.0,96.0,3.0,1.0,1.0,2.0,2050.0
984,Ponta Negra,24,0.0,90.0,3.0,2.0,1.0,2.0,3000.0
987,Candelária,4,0.0,35.0,1.0,1.0,1.0,1.0,800.0
990,Lagoa Nova,13,480.0,129.0,3.0,1.0,1.0,2.0,1120.0
991,Barro Vermelho,2,0.0,114.0,3.0,1.0,2.0,2.0,2500.0
992,Capim Macio,5,480.0,55.0,2.0,2.0,1.0,1.0,1100.0
993,Capim Macio,5,50.0,42.0,1.0,1.0,0.0,1.0,650.0
995,Capim Macio,5,0.0,121.0,2.0,2.0,1.0,1.0,1000.0
996,Petrópolis,20,615.0,44.0,1.0,1.0,0.0,1.0,737.0
1000,Ponta Negra,24,366.0,10.0,2.0,1.0,1.0,1.0,1934.0
1002,Planalto,23,1.0,52.0,2.0,1.0,0.0,1.0,700.0
1003,Lagoa Nova,13,540.0,66.0,1.0,1.0,1.0,1.0,600.0
1004,Pitimbu,22,0.0,80.0,3.0,2.0,1.0,2.0,1650.0
1005,Barro Vermelho,2,0.0,57.0,2.0,1.0,1.0,0.0,1600.0
1006,Barro Vermelho,2,0.0,10.0,3.0,1.0,1.0,2.0,2500.0
1007,Ponta Negra,24,0.0,103.0,3.0,4.0,3.0,4.0,2180.0
1008,Lagoa Nova,13,0.0,107.0,3.0,1.0,2.0,2.0,2800.0
1013,Capim Macio,5,0.0,55.0,2.0,2.0,1.0,2.0,1400.0
1014,Capim Macio,5,350.0,63.0,2.0,1.0,0.0,2.0,1200.0
1015,Lagoa Nova,13,500.0,75.0,3.0,1.0,0.0,1.0,1100.0
1016,Capim Macio,5,0.0,76.0,3.0,2.0,1.0,2.0,2400.0
1017,Alecrim,0,130.0,40.0,1.0,1.0,0.0,0.0,480.0
1018,Ponta Negra,24,0.0,48.0,1.0,1.0,1.0,1.0,1500.0
1019,Ponta Negra,24,0.0,55.0,2.0,1.0,0.0,1.0,2000.0
1020,Capim Macio,5,0.0,56.0,2.0,2.0,2.0,2.0,1450.0
1024,Capim Macio,5,270.0,57.0,1.0,2.0,1.0,2.0,1300.0
1025,Ponta Negra,24,0.0,30.0,2.0,2.0,0.0,0.0,1000.0
1026,Ponta Negra,24,0.0,46.0,2.0,1.0,0.0,1.0,1500.0
1027,Capim Macio,5,0.0,40.0,1.0,1.0,0.0,1.0,850.0
1028,Igapó,12,0.0,40.0,2.0,1.0,0.0,1.0,330.0
1029,Lagoa Nova,13,680.0,130.0,3.0,1.0,1.0,2.0,1900.0
1030,Tirol,29,0.0,115.0,3.0,3.0,1.0,1.0,1200.0
1031,Lagoa Nova,13,0.0,58.0,2.0,2.0,1.0,2.0,2500.0
1033,Ponta Negra,24,900.0,98.0,3.0,2.0,1.0,1.0,1200.0
1034,Tirol,29,460.0,55.0,2.0,1.0,1.0,1.0,780.0
1035,Lagoa Nova,13,0.0,136.0,3.0,1.0,3.0,3.0,4500.0
1036,Barro Vermelho,2,680.0,108.0,3.0,4.0,2.0,2.0,1500.0
1037,Ponta Negra,24,0.0,50.0,2.0,2.0,0.0,1.0,1400.0
1038,Petrópolis,20,0.0,50.0,2.0,2.0,1.0,1.0,1450.0
1039,Ponta Negra,24,0.0,109.0,3.0,3.0,1.0,2.0,4200.0
1040,Neópolis,17,300.0,84.0,3.0,3.0,1.0,2.0,1500.0
1041,Tirol,29,0.0,137.0,3.0,2.0,3.0,2.0,3600.0
1042,Capim Macio,5,0.0,63.0,3.0,2.0,1.0,2.0,1650.0
1043,Capim Macio,5,0.0,80.0,3.0,1.0,0.0,1.0,1400.0
1044,Capim Macio,5,0.0,50.0,2.0,1.0,1.0,1.0,1200.0
1045,Ponta Negra,24,979.0,98.0,2.0,2.0,1.0,2.0,1500.0
1046,Neópolis,17,0.0,76.0,3.0,2.0,1.0,2.0,1750.0
1047,Capim Macio,5,0.0,73.0,3.0,2.0,1.0,1.0,1100.0
1048,Cidade Jardim,7,0.0,45.0,1.0,1.0,1.0,1.0,450.0
1049,Lagoa Nova,13,270.0,80.0,3.0,1.0,0.0,1.0,1130.0
1050,Capim Macio,5,0.0,55.0,2.0,2.0,1.0,1.0,1550.0
1051,Ponta Negra,24,0.0,96.0,3.0,2.0,1.0,1.0,2500.0
1052,Capim Macio,5,0.0,56.0,2.0,2.0,1.0,2.0,1450.0
1053,Lagoa Nova,13,0.0,147.0,4.0,4.0,3.0,2.0,1800.0
1054,Capim Macio,5,0.0,140.0,3.0,4.0,3.0,2.0,3500.0
1056,Pitimbu,22,300.0,54.0,2.0,1.0,0.0,1.0,650.0
1057,Ponta Negra,24,0.0,98.0,3.0,1.0,1.0,2.0,1400.0
1058,Capim Macio,5,0.0,80.0,2.0,1.0,0.0,1.0,1400.0
1059,Ponta Negra,24,0.0,96.0,3.0,2.0,1.0,2.0,2000.0
1060,Capim Macio,5,0.0,63.0,3.0,2.0,1.0,2.0,1650.0
1061,Tirol,29,0.0,115.0,3.0,2.0,1.0,2.0,1200.0
1062,Capim Macio,5,300.0,50.0,2.0,1.0,0.0,1.0,800.0
1063,Pitimbu,22,0.0,56.0,2.0,2.0,1.0,1.0,1550.0
1064,Petrópolis,20,748.0,88.0,2.0,2.0,0.0,1.0,800.0
1065,Capim Macio,5,0.0,59.0,2.0,1.0,0.0,1.0,1400.0
1066,Ponta Negra,24,0.0,48.0,2.0,1.0,0.0,1.0,1200.0
1069,Lagoa Nova,13,783.0,127.0,3.0,1.0,0.0,3.0,2700.0
1070,Candelária,4,330.0,55.0,2.0,2.0,1.0,1.0,1000.0
1071,Candelária,4,545.0,100.0,3.0,1.0,1.0,2.0,1800.0
1072,Lagoa Nova,13,350.0,65.0,2.0,1.0,0.0,1.0,750.0
1073,Ponta Negra,24,0.0,115.0,3.0,2.0,1.0,1.0,2900.0
1074,Capim Macio,5,0.0,100.0,2.0,2.0,1.0,1.0,2600.0
1075,Lagoa Nova,13,700.0,100.0,3.0,1.0,1.0,2.0,1700.0
1076,Candelária,4,0.0,109.0,3.0,2.0,2.0,0.0,3000.0
1077,Areia Preta,1,0.0,40.0,1.0,1.0,1.0,1.0,2500.0
1078,sept Rosado,31,440.0,67.0,2.0,2.0,1.0,1.0,1103.0
1079,sept Rosado,31,440.0,67.0,2.0,2.0,1.0,1.0,1104.0
1081,Lagoa Nova,13,0.0,56.0,2.0,2.0,1.0,1.0,1900.0
1082,Pitimbu,22,0.0,57.0,2.0,2.0,1.0,1.0,1300.0
1083,Pitimbu,22,0.0,54.0,2.0,2.0,1.0,1.0,1000.0
1084,Lagoa Nova,13,0.0,90.0,3.0,2.0,1.0,2.0,1700.0
1085,Neópolis,17,255.0,47.0,2.0,1.0,0.0,1.0,750.0
1086,Ponta Negra,24,0.0,57.0,2.0,2.0,1.0,1.0,2700.0
1087,Capim Macio,5,0.0,120.0,3.0,3.0,2.0,2.0,2200.0
1089,Ponta Negra,24,0.0,58.0,2.0,2.0,1.0,1.0,1900.0
1090,Ponta Negra,24,0.0,65.0,2.0,2.0,1.0,1.0,2200.0
1091,Capim Macio,5,130.0,50.0,1.0,1.0,0.0,1.0,650.0
1092,Ponta Negra,24,0.0,101.0,3.0,2.0,1.0,2.0,2900.0
1093,Petrópolis,20,650.0,100.0,3.0,3.0,2.0,2.0,1500.0
1096,Capim Macio,5,0.0,100.0,3.0,2.0,1.0,2.0,2230.0
1097,Alecrim,0,0.0,56.0,2.0,2.0,1.0,1.0,1500.0
1098,Tirol,29,0.0,90.0,2.0,2.0,1.0,1.0,1700.0
1099,Capim Macio,5,0.0,48.0,2.0,2.0,1.0,1.0,1300.0
1101,Lagoa Nova,13,0.0,58.0,1.0,1.0,1.0,1.0,1200.0
1102,Capim Macio,5,0.0,94.0,3.0,3.0,1.0,2.0,2300.0
1103,Ponta Negra,24,0.0,60.0,2.0,2.0,1.0,1.0,2400.0
1104,Alecrim,0,0.0,55.0,2.0,2.0,1.0,1.0,1500.0
1105,Tirol,29,810.0,89.0,3.0,1.0,1.0,1.0,1690.0
1106,Lagoa Nova,13,0.0,63.0,3.0,2.0,1.0,1.0,1650.0
1107,Alecrim,0,0.0,56.0,2.0,2.0,1.0,1.0,1500.0
1108,Ponta Negra,24,0.0,60.0,2.0,2.0,1.0,1.0,2000.0
1109,Neópolis,17,0.0,78.0,3.0,1.0,1.0,1.0,850.0
1110,sept Rosado,31,440.0,67.0,2.0,2.0,1.0,1.0,1006.0
1111,sept Rosado,31,440.0,67.0,2.0,2.0,1.0,1.0,1005.0
1112,Pitimbu,22,0.0,54.0,2.0,2.0,1.0,1.0,1000.0
1113,Ponta Negra,24,0.0,50.0,1.0,1.0,0.0,1.0,1700.0
1114,Tirol,29,0.0,56.0,2.0,2.0,1.0,1.0,1800.0
1115,Ponta Negra,24,0.0,57.0,2.0,1.0,0.0,1.0,1600.0
1116,Capim Macio,5,0.0,58.0,2.0,2.0,1.0,2.0,1700.0
1117,sept Rosado,31,440.0,67.0,2.0,2.0,1.0,1.0,1005.0
1118,Ponta Negra,24,0.0,58.0,2.0,2.0,1.0,1.0,1600.0
1119,Capim Macio,5,0.0,92.0,3.0,1.0,1.0,0.0,2000.0
1121,Petrópolis,20,0.0,122.0,3.0,4.0,3.0,2.0,3300.0
1122,Ponta Negra,24,0.0,57.0,2.0,1.0,0.0,1.0,1600.0
1127,Candelária,4,0.0,65.0,2.0,1.0,0.0,0.0,1400.0
1128,Lagoa Nova,13,0.0,56.0,2.0,2.0,1.0,1.0,1800.0
1129,Ponta Negra,24,0.0,55.0,2.0,2.0,1.0,1.0,2000.0
1130,Lagoa Nova,13,0.0,65.0,3.0,3.0,2.0,1.0,1650.0
1131,Ponta Negra,24,0.0,58.0,2.0,2.0,1.0,1.0,1800.0
1132,Lagoa Nova,13,530.0,119.0,2.0,4.0,2.0,2.0,2600.0
1134,Capim Macio,5,0.0,59.0,2.0,1.0,0.0,1.0,1600.0
1136,Lagoa Nova,13,0.0,57.0,2.0,2.0,1.0,1.0,1400.0
1137,Ponta Negra,24,0.0,115.0,3.0,2.0,1.0,1.0,2900.0
1138,Ponta Negra,24,0.0,48.0,2.0,1.0,0.0,1.0,1250.0
1140,Lagoa Nova,13,0.0,67.0,3.0,2.0,1.0,1.0,1600.0
1143,Ponta Negra,24,0.0,52.0,2.0,1.0,0.0,1.0,1500.0
1145,Candelária,4,0.0,98.0,3.0,2.0,1.0,1.0,1400.0
1147,Capim Macio,5,0.0,59.0,2.0,1.0,0.0,1.0,1600.0
1150,Ponta Negra,24,770.0,108.0,3.0,3.0,1.0,2.0,1960.0
1151,Capim Macio,5,0.0,57.0,2.0,2.0,1.0,2.0,1600.0
1152,Capim Macio,5,1.0,75.0,3.0,1.0,1.0,1.0,1700.0
1153,Candelária,4,0.0,87.0,3.0,2.0,1.0,2.0,3000.0
1154,Ponta Negra,24,0.0,56.0,2.0,2.0,1.0,1.0,1410.0
1156,Neópolis,17,0.0,89.0,3.0,1.0,0.0,1.0,920.0
1157,sept Rosado,31,440.0,67.0,2.0,2.0,1.0,1.0,1104.0
1158,Rocas,28,0.0,60.0,2.0,2.0,1.0,1.0,1500.0
1159,Lagoa Nova,13,0.0,67.0,3.0,2.0,0.0,2.0,1080.0
1161,Lagoa Nova,13,500.0,78.0,3.0,2.0,1.0,2.0,1300.0
1162,Pitimbu,22,0.0,39.0,1.0,1.0,0.0,0.0,550.0
1163,Capim Macio,5,0.0,70.0,3.0,2.0,1.0,0.0,1700.0
1164,Capim Macio,5,0.0,75.0,2.0,1.0,0.0,1.0,1600.0
1165,Ponta Negra,24,0.0,56.0,2.0,2.0,1.0,1.0,3000.0
1166,Capim Macio,5,0.0,63.0,3.0,2.0,1.0,1.0,1400.0
1167,Capim Macio,5,0.0,73.0,3.0,2.0,1.0,1.0,1100.0
1168,Lagoa Nova,13,0.0,56.0,2.0,2.0,1.0,1.0,1700.0
1169,Candelária,4,420.0,75.0,3.0,1.0,1.0,1.0,900.0
1170,Ponta Negra,24,0.0,55.0,2.0,1.0,0.0,1.0,1300.0
1171,Capim Macio,5,0.0,98.0,3.0,3.0,2.0,2.0,3300.0
1172,Lagoa Nova,13,0.0,88.0,2.0,2.0,1.0,3.0,1500.0
1173,Petrópolis,20,0.0,60.0,1.0,1.0,1.0,1.0,1300.0
1174,Ponta Negra,24,0.0,60.0,2.0,1.0,0.0,1.0,1450.0
1175,sept Rosado,31,440.0,67.0,2.0,2.0,1.0,1.0,1006.0
1176,Candelária,4,0.0,123.0,3.0,3.0,3.0,2.0,2800.0
1177,sept Rosado,31,440.0,67.0,2.0,2.0,1.0,1.0,1104.0
1178,sept Rosado,31,440.0,67.0,2.0,2.0,1.0,1.0,1104.0
1179,sept Rosado,31,440.0,67.0,2.0,2.0,1.0,1.0,1103.0
1180,sept Rosado,31,440.0,67.0,2.0,2.0,1.0,1.0,1103.0
1181,sept Rosado,31,440.0,67.0,2.0,2.0,1.0,1.0,1104.0
1182,sept Rosado,31,440.0,67.0,2.0,2.0,1.0,1.0,1102.0
1183,sept Rosado,31,440.0,67.0,2.0,2.0,1.0,1.0,1103.0
1184,sept Rosado,31,440.0,67.0,2.0,2.0,1.0,1.0,1104.0
1185,sept Rosado,31,440.0,67.0,2.0,2.0,1.0,1.0,1102.0
1186,sept Rosado,31,440.0,67.0,2.0,2.0,1.0,1.0,1008.0
1187,sept Rosado,31,440.0,67.0,2.0,2.0,1.0,1.0,1007.0
1188,sept Rosado,31,440.0,67.0,2.0,2.0,1.0,1.0,1007.0
1189,sept Rosado,31,440.0,67.0,2.0,2.0,1.0,1.0,1005.0
1190,sept Rosado,31,440.0,67.0,2.0,2.0,1.0,1.0,1005.0
1191,sept Rosado,31,440.0,67.0,2.0,2.0,1.0,1.0,1005.0
1192,sept Rosado,31,440.0,67.0,2.0,2.0,1.0,1.0,809.0
1193,Alecrim,0,200.0,85.0,3.0,2.0,0.0,1.0,900.0
1195,Ponta Negra,24,230.0,80.0,2.0,1.0,0.0,1.0,700.0
1196,Pitimbu,22,0.0,56.0,2.0,2.0,1.0,1.0,1300.0
1197,Ponta Negra,24,0.0,65.0,2.0,1.0,0.0,1.0,2700.0
1198,Ponta Negra,24,680.0,96.0,3.0,4.0,3.0,2.0,2500.0
1200,Ponta Negra,24,0.0,147.0,3.0,2.0,1.0,2.0,2800.0
1202,Capim Macio,5,150.0,35.0,1.0,1.0,0.0,1.0,1150.0
1203,Ponta Negra,24,0.0,70.0,3.0,2.0,1.0,1.0,2200.0
1204,Capim Macio,5,578.0,88.0,3.0,2.0,1.0,0.0,2000.0
1205,Lagoa Nova,13,0.0,60.0,2.0,2.0,1.0,1.0,1700.0
1206,Lagoa Nova,13,0.0,119.0,3.0,4.0,3.0,2.0,4300.0
1207,Lagoa Nova,13,0.0,108.0,3.0,4.0,3.0,2.0,2500.0
1208,Ponta Negra,24,0.0,79.0,2.0,2.0,2.0,2.0,2800.0
1209,Tirol,29,0.0,56.0,2.0,2.0,1.0,1.0,1700.0
1210,Candelária,4,500.0,123.0,3.0,3.0,3.0,2.0,2000.0
1211,Pitimbu,22,0.0,56.0,2.0,1.0,1.0,1.0,1450.0
1214,Ponta Negra,24,0.0,57.0,2.0,2.0,1.0,0.0,1200.0
1215,Ponta Negra,24,0.0,60.0,2.0,2.0,1.0,2.0,2000.0
1216,Pitimbu,22,0.0,58.0,2.0,2.0,1.0,2.0,1300.0
1217,Ponta Negra,24,0.0,56.0,2.0,2.0,1.0,1.0,2000.0
1218,Neópolis,17,0.0,60.0,2.0,1.0,0.0,2.0,800.0
1220,Ponta Negra,24,0.0,56.0,2.0,1.0,1.0,1.0,3100.0
1221,Lagoa Nova,13,0.0,108.0,3.0,4.0,2.0,2.0,2200.0
1222,Ponta Negra,24,0.0,57.0,2.0,2.0,1.0,1.0,1600.0
1224,Ponta Negra,24,0.0,55.0,2.0,2.0,1.0,1.0,1300.0
1225,Capim Macio,5,0.0,65.0,2.0,2.0,0.0,1.0,1000.0
1226,Pitimbu,22,0.0,49.0,2.0,1.0,0.0,1.0,1160.0
1227,Capim Macio,5,0.0,74.0,3.0,1.0,1.0,1.0,1100.0
1229,Ponta Negra,24,0.0,55.0,2.0,2.0,0.0,0.0,2000.0
1234,Capim Macio,5,0.0,60.0,2.0,2.0,1.0,1.0,1100.0
1237,Candelária,4,0.0,65.0,2.0,2.0,1.0,1.0,1600.0
1238,Ponta Negra,24,750.0,26.0,1.0,1.0,1.0,1.0,1000.0
1239,Candelária,4,0.0,72.0,3.0,2.0,1.0,1.0,1000.0
1240,Lagoa Nova,13,0.0,57.0,2.0,2.0,1.0,1.0,1500.0
1241,Lagoa Nova,13,0.0,56.0,2.0,2.0,1.0,1.0,1740.0
1242,Ponta Negra,24,0.0,50.0,2.0,1.0,0.0,0.0,1900.0
1243,Areia Preta,1,0.0,40.0,1.0,1.0,0.0,1.0,2400.0
1244,Tirol,29,0.0,70.0,2.0,2.0,1.0,1.0,1200.0
1245,Tirol,29,590.0,63.0,2.0,2.0,1.0,1.0,1000.0
1246,Pitimbu,22,0.0,55.0,2.0,2.0,1.0,1.0,1550.0
1247,Tirol,29,0.0,56.0,2.0,2.0,1.0,1.0,1500.0
1248,Alecrim,0,60.0,35.0,1.0,1.0,0.0,0.0,480.0
1249,Pitimbu,22,0.0,49.0,2.0,1.0,0.0,1.0,1200.0
1251,Pitimbu,22,0.0,39.0,1.0,1.0,0.0,0.0,550.0
1252,Pitimbu,22,0.0,39.0,1.0,1.0,0.0,0.0,550.0
1253,Pitimbu,22,0.0,39.0,1.0,1.0,0.0,0.0,550.0
1254,Pitimbu,22,0.0,39.0,1.0,1.0,0.0,0.0,550.0
1255,Pitimbu,22,0.0,39.0,1.0,1.0,0.0,0.0,550.0
1256,Pitimbu,22,0.0,39.0,1.0,1.0,0.0,0.0,550.0
1257,Alecrim,0,0.0,102.0,3.0,4.0,3.0,0.0,2800.0
1258,Capim Macio,5,0.0,74.0,3.0,2.0,1.0,1.0,1100.0
1259,Candelária,4,0.0,85.0,3.0,2.0,1.0,2.0,2700.0
1261,Tirol,29,0.0,141.0,4.0,5.0,4.0,2.0,4500.0
1263,Capim Macio,5,0.0,59.0,2.0,2.0,1.0,1.0,1500.0
1264,Tirol,29,0.0,55.0,2.0,1.0,0.0,1.0,1625.0
1265,Pitimbu,22,0.0,39.0,1.0,1.0,0.0,0.0,550.0
1266,Pitimbu,22,0.0,39.0,1.0,1.0,0.0,0.0,550.0
1267,Pitimbu,22,0.0,39.0,1.0,1.0,0.0,0.0,550.0
1268,Pitimbu,22,0.0,39.0,1.0,1.0,0.0,0.0,550.0
1269,Tirol,29,0.0,80.0,2.0,1.0,1.0,1.0,1600.0
1270,Pitimbu,22,0.0,39.0,1.0,1.0,0.0,0.0,550.0
1271,Barro Vermelho,2,680.0,108.0,3.0,4.0,2.0,2.0,1300.0
1273,Ribeira,27,0.0,61.0,2.0,1.0,1.0,1.0,2400.0
1274,Ponta Negra,24,0.0,55.0,2.0,2.0,2.0,1.0,2000.0
1276,Capim Macio,5,0.0,96.0,3.0,2.0,1.0,0.0,2500.0
1277,Tirol,29,810.0,89.0,3.0,3.0,1.0,2.0,1700.0
1278,Tirol,29,850.0,108.0,3.0,2.0,1.0,2.0,1600.0
1281,Ponta Negra,24,0.0,56.0,2.0,2.0,1.0,1.0,1200.0
1282,Lagoa Nova,13,0.0,75.0,2.0,2.0,1.0,0.0,1500.0
1283,Lagoa Nova,13,0.0,65.0,2.0,2.0,1.0,1.0,1800.0
1284,Lagoa Nova,13,0.0,108.0,3.0,3.0,3.0,2.0,2300.0
1285,Neópolis,17,0.0,72.0,3.0,2.0,1.0,1.0,2300.0
1286,Ponta Negra,24,0.0,56.0,2.0,2.0,1.0,1.0,2100.0
1287,Tirol,29,0.0,58.0,2.0,2.0,1.0,1.0,2100.0
1288,Ponta Negra,24,0.0,56.0,2.0,2.0,1.0,1.0,2100.0
1290,Ponta Negra,24,0.0,85.0,1.0,1.0,1.0,1.0,1000.0
1292,Ribeira,27,0.0,56.0,2.0,1.0,1.0,1.0,1300.0
1293,Barro Vermelho,2,0.0,56.0,2.0,1.0,1.0,1.0,1800.0
1294,Areia Preta,1,0.0,40.0,1.0,1.0,0.0,1.0,2200.0
1295,Ponta Negra,24,0.0,58.0,2.0,2.0,1.0,1.0,1400.0
1296,Alecrim,0,0.0,86.0,3.0,2.0,1.0,2.0,2730.0
1297,Ponta Negra,24,650.0,131.0,3.0,5.0,3.0,2.0,3000.0
1299,Ponta Negra,24,0.0,58.0,2.0,2.0,1.0,1.0,1400.0
1300,Petrópolis,20,0.0,56.0,1.0,1.0,1.0,1.0,2000.0
1301,Capim Macio,5,700.0,98.0,3.0,3.0,1.0,2.0,1500.0
1302,Neópolis,17,500.0,92.0,3.0,2.0,1.0,2.0,1700.0
1303,Capim Macio,5,0.0,140.0,3.0,4.0,3.0,2.0,3300.0
1304,Ponta Negra,24,0.0,56.0,2.0,2.0,1.0,1.0,1200.0
1305,Petrópolis,20,0.0,58.0,1.0,1.0,1.0,1.0,1800.0
1306,Lagoa Nova,13,0.0,90.0,3.0,3.0,1.0,2.0,1900.0
1307,Capim Macio,5,0.0,80.0,3.0,2.0,1.0,2.0,1400.0
1308,Pitimbu,22,0.0,55.0,2.0,2.0,1.0,1.0,1500.0
1309,Candelária,4,0.0,123.0,3.0,4.0,3.0,2.0,2600.0
1310,Capim Macio,5,0.0,60.0,3.0,1.0,1.0,1.0,1100.0
1311,Capim Macio,5,0.0,75.0,3.0,2.0,1.0,1.0,1100.0
1312,Petrópolis,20,0.0,38.0,1.0,1.0,1.0,0.0,2000.0
1313,Capim Macio,5,0.0,60.0,2.0,2.0,1.0,1.0,1500.0
1315,Alecrim,0,60.0,35.0,1.0,1.0,0.0,0.0,480.0
1316,Ponta Negra,24,0.0,52.0,2.0,2.0,1.0,1.0,2400.0
1317,Tirol,29,0.0,59.0,2.0,2.0,1.0,1.0,2250.0
1320,Ponta Negra,24,0.0,10.0,2.0,1.0,0.0,0.0,1200.0
1321,Ponta Negra,24,0.0,140.0,3.0,3.0,2.0,2.0,2800.0
1323,Candelária,4,0.0,70.0,3.0,2.0,1.0,2.0,1250.0
1324,Ponta Negra,24,0.0,115.0,3.0,2.0,1.0,1.0,2900.0
1325,Areia Preta,1,0.0,40.0,1.0,1.0,0.0,1.0,1400.0
1326,Ponta Negra,24,0.0,115.0,3.0,2.0,1.0,1.0,2900.0
1327,Lagoa Nova,13,0.0,56.0,2.0,2.0,1.0,1.0,1700.0
1328,Lagoa Nova,13,690.0,96.0,3.0,2.0,1.0,2.0,1200.0
1329,Barro Vermelho,2,0.0,57.0,2.0,2.0,1.0,1.0,1400.0
1330,Ponta Negra,24,0.0,56.0,2.0,2.0,1.0,1.0,1100.0
1331,Tirol,29,500.0,100.0,3.0,3.0,1.0,2.0,2000.0
1333,Tirol,29,0.0,130.0,3.0,3.0,1.0,1.0,2750.0
1334,Candelária,4,0.0,125.0,3.0,3.0,2.0,2.0,4500.0
1335,Igapó,12,0.0,60.0,3.0,2.0,0.0,1.0,380.0
1336,Tirol,29,0.0,140.0,3.0,2.0,1.0,1.0,2900.0
1337,Capim Macio,5,0.0,56.0,2.0,2.0,1.0,1.0,1450.0
1338,Redinha,26,0.0,80.0,3.0,2.0,1.0,1.0,1100.0
1340,Ponta Negra,24,0.0,95.0,3.0,2.0,1.0,2.0,2500.0
1341,Neópolis,17,0.0,76.0,3.0,2.0,1.0,2.0,1750.0
1342,Lagoa Nova,13,0.0,138.0,3.0,3.0,2.0,1.0,1600.0
1345,Planalto,23,0.0,55.0,2.0,1.0,1.0,1.0,720.0
1346,Alecrim,0,60.0,40.0,1.0,1.0,0.0,0.0,480.0
1347,Ponta Negra,24,0.0,102.0,3.0,2.0,2.0,2.0,2180.0
1348,Ponta Negra,24,0.0,55.0,2.0,2.0,1.0,1.0,1800.0
1351,Ponta Negra,24,0.0,55.0,2.0,2.0,1.0,1.0,1800.0
1352,Ponta Negra,24,0.0,55.0,2.0,2.0,1.0,1.0,1800.0
1354,Lagoa Nova,13,550.0,49.0,2.0,1.0,0.0,1.0,650.0
1355,Lagoa Nova,13,500.0,75.0,2.0,1.0,0.0,1.0,900.0
1356,Ponta Negra,24,0.0,55.0,2.0,1.0,1.0,1.0,1200.0
1357,Ponta Negra,24,0.0,55.0,2.0,2.0,1.0,1.0,1800.0
1359,Ponta Negra,24,0.0,56.0,2.0,2.0,1.0,1.0,2100.0
1360,Capim Macio,5,0.0,67.0,3.0,2.0,1.0,1.0,1200.0
1361,Capim Macio,5,0.0,60.0,2.0,2.0,1.0,1.0,1600.0
1362,Ponta Negra,24,0.0,56.0,2.0,2.0,1.0,1.0,2150.0
1363,Candelária,4,0.0,123.0,3.0,3.0,3.0,2.0,2800.0
1364,Ponta Negra,24,0.0,65.0,2.0,2.0,1.0,1.0,2250.0
1366,Ponta Negra,24,0.0,56.0,2.0,2.0,1.0,1.0,2150.0
1368,Cidade Alta,6,0.0,56.0,2.0,2.0,1.0,1.0,1200.0
1369,Tirol,29,0.0,56.0,2.0,1.0,1.0,1.0,1600.0
1370,Petrópolis,20,0.0,120.0,2.0,3.0,1.0,1.0,1800.0
1371,Petrópolis,20,0.0,120.0,2.0,2.0,1.0,1.0,1800.0
1372,Petrópolis,20,0.0,60.0,1.0,1.0,1.0,0.0,2195.0
1373,Ponta Negra,24,0.0,55.0,2.0,2.0,0.0,0.0,1800.0
1374,Ponta Negra,24,0.0,48.0,2.0,1.0,0.0,1.0,1300.0
1376,Lagoa Nova,13,0.0,80.0,2.0,1.0,0.0,1.0,1100.0
1378,Ponta Negra,24,0.0,56.0,2.0,1.0,1.0,1.0,2000.0
1379,Tirol,29,0.0,90.0,3.0,3.0,1.0,2.0,2500.0
1380,Ponta Negra,24,0.0,85.0,3.0,2.0,1.0,2.0,1800.0
1381,Ponta Negra,24,0.0,56.0,2.0,2.0,1.0,1.0,1600.0
1383,Ponta Negra,24,0.0,60.0,2.0,1.0,1.0,2.0,1710.0
1384,Ponta Negra,24,0.0,60.0,2.0,1.0,1.0,1.0,3000.0
1385,Neópolis,17,0.0,67.0,2.0,2.0,1.0,1.0,1800.0
1386,Lagoa Nova,13,480.0,55.0,2.0,2.0,1.0,1.0,1720.0
1388,Pitimbu,22,0.0,56.0,2.0,2.0,1.0,1.0,1000.0
1390,Ponta Negra,24,0.0,85.0,3.0,2.0,1.0,2.0,1650.0
1392,Pitimbu,22,0.0,58.0,2.0,2.0,1.0,1.0,1200.0
1393,Alecrim,0,60.0,35.0,1.0,1.0,0.0,0.0,480.0
1394,Tirol,29,0.0,98.0,3.0,3.0,1.0,2.0,3000.0
1395,Capim Macio,5,0.0,80.0,3.0,2.0,0.0,2.0,1200.0
1397,Barro Vermelho,2,80.0,40.0,1.0,1.0,0.0,0.0,650.0
1398,Ponta Negra,24,550.0,90.0,3.0,2.0,1.0,0.0,2450.0
1399,Lagoa Nova,13,0.0,108.0,3.0,4.0,3.0,2.0,2500.0
1400,Ponta Negra,24,400.0,10.0,1.0,1.0,1.0,0.0,1000.0
1401,Alecrim,0,80.0,30.0,1.0,1.0,0.0,0.0,480.0
1402,Tirol,29,650.0,52.0,2.0,1.0,0.0,1.0,2000.0
1403,Petrópolis,20,730.0,90.0,3.0,3.0,2.0,2.0,1215.0
1404,Alecrim,0,0.0,56.0,2.0,1.0,1.0,1.0,2000.0
1405,Cidade Alta,6,0.0,56.0,2.0,2.0,1.0,1.0,1200.0
1407,Tirol,29,200.0,60.0,2.0,2.0,1.0,1.0,800.0
1408,Ponta Negra,24,0.0,55.0,2.0,2.0,1.0,1.0,1800.0
1413,Lagoa Nova,13,0.0,20.0,1.0,1.0,1.0,1.0,890.0
1414,Ponta Negra,24,0.0,55.0,2.0,2.0,1.0,1.0,1800.0
1415,Ponta Negra,24,0.0,60.0,2.0,2.0,1.0,1.0,2200.0
1416,Capim Macio,5,180.0,70.0,2.0,1.0,0.0,1.0,750.0
1417,Capim Macio,5,0.0,94.0,3.0,2.0,1.0,2.0,2300.0
1418,Ponta Negra,24,0.0,34.0,1.0,1.0,1.0,0.0,1400.0
1419,Lagoa Nova,13,580.0,107.0,3.0,2.0,0.0,1.0,850.0
1420,Petrópolis,20,800.0,64.0,2.0,1.0,0.0,1.0,2500.0
1422,Ponta Negra,24,0.0,98.0,3.0,2.0,1.0,2.0,2300.0
1424,Petrópolis,20,536.0,50.0,1.0,1.0,0.0,1.0,1000.0
1425,Alecrim,0,60.0,35.0,1.0,1.0,0.0,0.0,480.0
1426,Tirol,29,0.0,98.0,3.0,3.0,1.0,2.0,3000.0
1427,Capim Macio,5,120.0,45.0,1.0,1.0,0.0,1.0,1200.0
1428,Lagoa Seca,14,500.0,90.0,3.0,2.0,1.0,1.0,2150.0
1429,Capim Macio,5,0.0,35.0,2.0,1.0,1.0,1.0,1200.0
1430,Lagoa Nova,13,0.0,145.0,4.0,4.0,3.0,2.0,3500.0
1431,Lagoa Nova,13,0.0,145.0,4.0,4.0,3.0,2.0,3500.0
1432,Ponta Negra,24,0.0,96.0,3.0,2.0,1.0,2.0,2300.0
1433,Ponta Negra,24,0.0,48.0,2.0,1.0,0.0,1.0,1300.0
1435,Capim Macio,5,0.0,50.0,2.0,1.0,0.0,1.0,1100.0
1439,Barro Vermelho,2,0.0,57.0,2.0,2.0,1.0,1.0,1350.0
1441,Tirol,29,890.0,108.0,3.0,3.0,1.0,2.0,1500.0
1442,Lagoa Nova,13,0.0,57.0,2.0,2.0,1.0,1.0,1400.0
1444,Candelária,4,0.0,60.0,2.0,2.0,1.0,1.0,1600.0
1445,Morro Branco,15,0.0,30.0,1.0,1.0,0.0,0.0,800.0
1446,Tirol,29,1000.0,124.0,3.0,1.0,3.0,2.0,3500.0
1447,Tirol,29,180.0,72.0,3.0,1.0,0.0,2.0,900.0
1448,sept Rosado,31,0.0,57.0,2.0,1.0,0.0,1.0,700.0
1449,Mãe Luíza,16,0.0,115.0,3.0,3.0,2.0,2.0,2900.0
1450,Alecrim,0,0.0,86.0,3.0,2.0,1.0,2.0,2730.0
1451,Ponta Negra,24,0.0,55.0,2.0,2.0,1.0,1.0,1500.0
1452,Igapó,12,0.0,53.0,2.0,1.0,0.0,1.0,330.0
1453,Lagoa Nova,13,500.0,87.0,3.0,3.0,1.0,2.0,2000.0
1454,Igapó,12,0.0,50.0,2.0,1.0,0.0,0.0,330.0
1455,Tirol,29,0.0,83.0,3.0,3.0,1.0,2.0,2500.0
1456,Lagoa Nova,13,980.0,100.0,3.0,1.0,2.0,2.0,1500.0
1457,Areia Preta,1,600.0,50.0,1.0,2.0,1.0,1.0,1800.0
1458,Ponta Negra,24,0.0,57.0,2.0,2.0,1.0,2.0,1250.0
1459,Candelária,4,0.0,123.0,3.0,4.0,3.0,2.0,2700.0
1460,Lagoa Nova,13,710.0,92.0,3.0,3.0,2.0,2.0,2700.0
1461,Barro Vermelho,2,850.0,110.0,3.0,5.0,3.0,1.0,1900.0
1462,Lagoa Nova,13,0.0,89.0,3.0,2.0,1.0,1.0,2300.0
1463,Capim Macio,5,0.0,121.0,2.0,2.0,1.0,1.0,1000.0
1465,Ponta Negra,24,0.0,57.0,2.0,2.0,1.0,1.0,1480.0
1467,Petrópolis,20,0.0,114.0,3.0,3.0,2.0,1.0,1800.0
1474,Alecrim,0,80.0,30.0,1.0,1.0,0.0,0.0,480.0
1475,Cidade Alta,6,1.0,56.0,2.0,2.0,1.0,1.0,1200.0
1478,Barro Vermelho,2,850.0,120.0,3.0,5.0,3.0,2.0,1300.0
1479,Lagoa Nova,13,550.0,60.0,2.0,2.0,1.0,1.0,1200.0
1480,Capim Macio,5,300.0,77.0,3.0,2.0,1.0,1.0,2200.0
1481,Tirol,29,600.0,96.0,3.0,4.0,0.0,2.0,1900.0
1482,Ponta Negra,24,0.0,55.0,2.0,2.0,1.0,1.0,3000.0
1486,Lagoa Nova,13,0.0,85.0,1.0,1.0,0.0,1.0,900.0
1487,Barro Vermelho,2,0.0,100.0,3.0,2.0,0.0,0.0,1250.0
1488,Petrópolis,20,0.0,54.0,2.0,2.0,1.0,1.0,1700.0
1489,Ponta Negra,24,0.0,55.0,2.0,2.0,1.0,1.0,1100.0
1490,Ponta Negra,24,0.0,55.0,2.0,1.0,1.0,1.0,1500.0
1491,Lagoa Nova,13,0.0,119.0,3.0,3.0,3.0,2.0,4300.0
1492,Tirol,29,720.0,90.0,3.0,3.0,1.0,2.0,1600.0
1493,Ponta Negra,24,0.0,60.0,2.0,2.0,1.0,1.0,2000.0
1497,Ponta Negra,24,0.0,115.0,3.0,2.0,1.0,1.0,2900.0
1498,Ponta Negra,24,0.0,140.0,3.0,3.0,2.0,2.0,2800.0
1499,Neópolis,17,0.0,69.0,3.0,2.0,1.0,1.0,1200.0
1500,Ponta Negra,24,0.0,102.0,3.0,3.0,3.0,2.0,2280.0
1502,Tirol,29,890.0,108.0,3.0,3.0,1.0,2.0,2600.0
1504,Candelária,4,420.0,70.0,2.0,2.0,0.0,1.0,1100.0
1507,Ponta Negra,24,250.0,50.0,2.0,2.0,1.0,1.0,1050.0
1508,Ponta Negra,24,0.0,50.0,2.0,1.0,0.0,1.0,1600.0
1509,Ponta Negra,24,0.0,50.0,2.0,1.0,0.0,1.0,1000.0
1510,Ponta Negra,24,0.0,87.0,3.0,3.0,1.0,2.0,2000.0
1511,Ponta Negra,24,0.0,42.0,2.0,1.0,0.0,0.0,1350.0
1512,Ponta Negra,24,0.0,52.0,2.0,1.0,0.0,1.0,1600.0
1513,Ponta Negra,24,0.0,42.0,2.0,1.0,0.0,0.0,950.0
1514,Ponta Negra,24,250.0,42.0,2.0,1.0,0.0,1.0,1200.0
1515,Ponta Negra,24,0.0,50.0,2.0,1.0,1.0,1.0,1600.0
1516,Ponta Negra,24,0.0,57.0,2.0,2.0,2.0,1.0,2300.0
1517,Ponta Negra,24,100.0,24.0,1.0,1.0,1.0,0.0,700.0
1518,Ponta Negra,24,0.0,30.0,1.0,1.0,1.0,1.0,750.0
1519,Ponta Negra,24,600.0,90.0,3.0,3.0,1.0,2.0,2500.0
1521,Ponta Negra,24,0.0,92.0,2.0,3.0,1.0,2.0,2300.0
1524,Capim Macio,5,0.0,50.0,1.0,1.0,1.0,1.0,1500.0
1525,Ponta Negra,24,0.0,89.0,2.0,2.0,1.0,0.0,1200.0
1526,Ponta Negra,24,0.0,57.0,2.0,2.0,1.0,1.0,1370.0
1527,Ponta Negra,24,0.0,56.0,2.0,2.0,1.0,1.0,1700.0
1528,Lagoa Nova,13,0.0,95.0,3.0,2.0,1.0,2.0,2000.0
1529,Ponta Negra,24,0.0,46.0,1.0,1.0,1.0,1.0,1000.0
1530,Tirol,29,0.0,56.0,2.0,2.0,1.0,2.0,1600.0
1531,Tirol,29,0.0,124.0,3.0,4.0,3.0,2.0,3700.0
1533,Candelária,4,0.0,64.0,2.0,2.0,1.0,2.0,1300.0
1534,Tirol,29,0.0,56.0,2.0,2.0,1.0,1.0,1600.0
1535,Neópolis,17,0.0,70.0,3.0,2.0,1.0,2.0,1300.0
1536,Capim Macio,5,0.0,124.0,3.0,4.0,3.0,2.0,2500.0
1538,Ponta Negra,24,0.0,60.0,2.0,1.0,0.0,1.0,1400.0
1539,Pitimbu,22,0.0,53.0,2.0,1.0,0.0,1.0,800.0
1541,Neópolis,17,0.0,65.0,2.0,2.0,1.0,2.0,2203.0
1542,Tirol,29,0.0,115.0,2.0,2.0,1.0,4.0,2000.0
1543,Ponta Negra,24,0.0,80.0,3.0,3.0,1.0,2.0,3000.0
1544,Cidade Alta,6,0.0,58.0,2.0,1.0,1.0,1.0,1500.0
1545,Nossa Senhora de Nazaré,18,0.0,57.0,2.0,2.0,1.0,1.0,1550.0
1546,Candelária,4,0.0,87.0,3.0,2.0,1.0,2.0,2500.0
1547,Ponta Negra,24,0.0,60.0,2.0,1.0,1.0,1.0,2400.0
1549,Candelária,4,0.0,56.0,2.0,2.0,1.0,1.0,1800.0
1550,Ponta Negra,24,0.0,56.0,2.0,2.0,2.0,1.0,1700.0
1551,Capim Macio,5,0.0,56.0,2.0,1.0,1.0,2.0,1500.0
1552,Ponta Negra,24,0.0,42.0,1.0,1.0,1.0,1.0,900.0
1553,Ponta Negra,24,0.0,42.0,1.0,1.0,1.0,1.0,2000.0
1554,Tirol,29,0.0,57.0,2.0,1.0,1.0,1.0,1400.0
1555,Lagoa Nova,13,0.0,100.0,3.0,2.0,1.0,1.0,2000.0
1556,Neópolis,17,0.0,55.0,2.0,2.0,1.0,1.0,700.0
1557,Ponta Negra,24,0.0,147.0,3.0,2.0,1.0,2.0,2800.0
1558,Capim Macio,5,0.0,110.0,4.0,3.0,2.0,2.0,2800.0
1559,Lagoa Nova,13,0.0,60.0,2.0,2.0,1.0,1.0,1800.0
1561,Ponta Negra,24,0.0,85.0,3.0,2.0,1.0,2.0,2200.0
1562,Ponta Negra,24,0.0,56.0,2.0,2.0,1.0,2.0,2900.0
1563,Candelária,4,0.0,80.0,3.0,2.0,1.0,2.0,1600.0
1564,Capim Macio,5,0.0,36.0,1.0,1.0,1.0,1.0,700.0
1565,Candelária,4,0.0,80.0,3.0,1.0,1.0,1.0,1600.0
1566,Capim Macio,5,0.0,100.0,3.0,3.0,1.0,2.0,2560.0
1567,Candelária,4,0.0,129.0,3.0,3.0,1.0,2.0,2570.0
1568,Ponta Negra,24,0.0,57.0,2.0,2.0,1.0,1.0,1800.0
1570,Pitimbu,22,0.0,52.0,2.0,1.0,0.0,1.0,1000.0
1571,Ponta Negra,24,0.0,35.0,1.0,1.0,0.0,1.0,1100.0
1572,Ponta Negra,24,0.0,40.0,1.0,1.0,0.0,1.0,1350.0
1573,Lagoa Nova,13,0.0,140.0,3.0,2.0,2.0,2.0,1700.0
1574,Ponta Negra,24,0.0,10.0,2.0,1.0,1.0,1.0,2800.0
1575,Ponta Negra,24,0.0,54.0,1.0,1.0,1.0,1.0,1700.0
1576,Ponta Negra,24,0.0,102.0,3.0,4.0,3.0,2.0,2180.0
1577,Lagoa Nova,13,0.0,60.0,2.0,2.0,1.0,1.0,1500.0
1578,Capim Macio,5,0.0,59.0,2.0,1.0,0.0,1.0,1600.0
1579,Capim Macio,5,0.0,63.0,2.0,1.0,0.0,1.0,1100.0
1580,Ponta Negra,24,0.0,55.0,2.0,1.0,0.0,1.0,1300.0
1581,Tirol,29,0.0,146.0,3.0,1.0,1.0,1.0,2150.0
1582,Barro Vermelho,2,0.0,71.0,2.0,1.0,0.0,1.0,1100.0
1583,Ponta Negra,24,0.0,110.0,3.0,3.0,1.0,2.0,3000.0
1584,Lagoa Nova,13,0.0,108.0,3.0,2.0,3.0,2.0,2300.0
1585,Lagoa Nova,13,0.0,56.0,2.0,2.0,1.0,1.0,1400.0
1586,Cidade Alta,6,0.0,56.0,2.0,2.0,1.0,1.0,1300.0
1587,Ponta Negra,24,0.0,46.0,2.0,1.0,0.0,1.0,1300.0
1588,Lagoa Nova,13,0.0,60.0,2.0,2.0,1.0,1.0,1500.0
1589,Petrópolis,20,612.0,93.0,3.0,4.0,1.0,2.0,1700.0
1590,Ponta Negra,24,0.0,40.0,1.0,1.0,1.0,1.0,2500.0
1592,Capim Macio,5,0.0,65.0,3.0,2.0,1.0,6.0,1500.0
1594,Ponta Negra,24,0.0,56.0,2.0,2.0,1.0,1.0,2300.0
1595,Candelária,4,0.0,100.0,3.0,2.0,1.0,2.0,2600.0
1596,Tirol,29,0.0,98.0,3.0,2.0,1.0,1.0,2200.0
1597,Ponta Negra,24,0.0,56.0,2.0,2.0,1.0,1.0,2000.0
1598,Ponta Negra,24,0.0,56.0,2.0,2.0,1.0,1.0,2000.0
1599,Ponta Negra,24,0.0,101.0,3.0,2.0,2.0,2.0,2800.0
1600,Ponta Negra,24,0.0,55.0,2.0,2.0,1.0,1.0,1100.0
1601,Candelária,4,0.0,57.0,2.0,2.0,1.0,1.0,1614.0
1602,Lagoa Nova,13,0.0,68.0,2.0,1.0,0.0,2.0,1350.0
1604,Neópolis,17,0.0,70.0,3.0,2.0,1.0,1.0,1800.0
1605,Capim Macio,5,0.0,70.0,2.0,1.0,0.0,2.0,1150.0
1606,Ponta Negra,24,0.0,43.0,1.0,1.0,1.0,1.0,3000.0
1607,Alecrim,0,0.0,100.0,3.0,2.0,1.0,0.0,1150.0
1608,Capim Macio,5,0.0,58.0,2.0,2.0,1.0,2.0,1700.0
1609,Neópolis,17,0.0,60.0,2.0,1.0,0.0,1.0,850.0
1610,Ponta Negra,24,0.0,56.0,2.0,1.0,1.0,1.0,1700.0
1611,Ponta Negra,24,0.0,96.0,3.0,2.0,1.0,2.0,2200.0
1612,Tirol,29,0.0,146.0,3.0,2.0,1.0,1.0,2270.0
1613,Lagoa Nova,13,0.0,56.0,2.0,1.0,1.0,1.0,1600.0
1614,Ponta Negra,24,0.0,56.0,2.0,2.0,1.0,1.0,2600.0
1615,Ponta Negra,24,0.0,35.0,1.0,1.0,0.0,1.0,1350.0
1616,Lagoa Nova,13,0.0,59.0,2.0,1.0,1.0,2.0,2500.0
1617,Capim Macio,5,0.0,90.0,3.0,1.0,1.0,1.0,1200.0
1618,Ponta Negra,24,0.0,56.0,2.0,2.0,2.0,1.0,2200.0
1619,Ponta Negra,24,0.0,57.0,2.0,2.0,1.0,1.0,1600.0
1620,Pitimbu,22,0.0,67.0,3.0,2.0,1.0,1.0,1400.0
1621,Lagoa Nova,13,0.0,80.0,2.0,1.0,0.0,1.0,1100.0
1623,Lagoa Nova,13,0.0,98.0,3.0,2.0,2.0,1.0,2200.0
1625,Neópolis,17,0.0,65.0,2.0,1.0,1.0,2.0,700.0
1626,Ponta Negra,24,0.0,56.0,2.0,2.0,1.0,1.0,2100.0
1627,Ponta Negra,24,0.0,50.0,2.0,2.0,1.0,1.0,1200.0
1628,Ponta Negra,24,0.0,56.0,2.0,2.0,1.0,1.0,1700.0
1629,Candelária,4,0.0,55.0,2.0,2.0,1.0,2.0,1450.0
1630,Ponta Negra,24,0.0,55.0,2.0,2.0,1.0,1.0,1300.0
1631,Capim Macio,5,0.0,140.0,3.0,5.0,3.0,2.0,3500.0
1632,Candelária,4,0.0,123.0,3.0,3.0,3.0,2.0,2800.0
1633,Neópolis,17,0.0,57.0,2.0,2.0,1.0,1.0,1400.0
1634,Capim Macio,5,0.0,56.0,2.0,2.0,1.0,1.0,1500.0
1635,Ponta Negra,24,0.0,55.0,2.0,2.0,1.0,1.0,2500.0
1636,Alecrim,0,0.0,100.0,3.0,1.0,1.0,0.0,1150.0
1637,Ponta Negra,24,0.0,84.0,3.0,2.0,1.0,2.0,1800.0
1638,Ponta Negra,24,0.0,60.0,2.0,1.0,0.0,2.0,2500.0
1639,Ponta Negra,24,0.0,120.0,4.0,3.0,2.0,2.0,2500.0
1640,Ponta Negra,24,0.0,50.0,2.0,1.0,0.0,1.0,1600.0
1641,Capim Macio,5,350.0,55.0,2.0,2.0,1.0,1.0,1050.0
1643,Capim Macio,5,0.0,63.0,2.0,1.0,0.0,1.0,950.0
1644,Capim Macio,5,0.0,120.0,4.0,3.0,3.0,2.0,2500.0
1645,Neópolis,17,0.0,60.0,2.0,2.0,1.0,1.0,900.0
1647,Ponta Negra,24,0.0,56.0,2.0,2.0,1.0,1.0,1700.0
1648,Capim Macio,5,0.0,120.0,4.0,4.0,3.0,3.0,2500.0
1649,Ponta Negra,24,0.0,101.0,4.0,4.0,2.0,2.0,2500.0
1650,Capim Macio,5,0.0,60.0,3.0,2.0,1.0,1.0,1100.0
1651,Petrópolis,20,0.0,59.0,2.0,2.0,1.0,1.0,1500.0
1652,Petrópolis,20,0.0,57.0,2.0,2.0,1.0,1.0,2100.0
1653,Ponta Negra,24,0.0,60.0,2.0,2.0,1.0,1.0,2400.0
1654,Capim Macio,5,0.0,35.0,1.0,1.0,0.0,1.0,850.0
1656,Ponta Negra,24,0.0,56.0,2.0,2.0,1.0,1.0,1950.0
1658,Ponta Negra,24,0.0,47.0,2.0,2.0,1.0,1.0,1300.0
1659,Capim Macio,5,0.0,68.0,2.0,2.0,1.0,1.0,1200.0
1660,Petrópolis,20,0.0,54.0,2.0,2.0,1.0,1.0,1600.0
1662,Pitimbu,22,0.0,56.0,2.0,2.0,1.0,1.0,1000.0
1663,Ponta Negra,24,0.0,55.0,2.0,2.0,1.0,1.0,1300.0
1664,Candelária,4,0.0,56.0,2.0,2.0,1.0,1.0,2000.0
1665,Candelária,4,0.0,56.0,2.0,2.0,1.0,1.0,1400.0
1666,Petrópolis,20,0.0,103.0,3.0,2.0,1.0,2.0,3100.0
1667,Lagoa Nova,13,0.0,57.0,2.0,1.0,1.0,1.0,1900.0
1668,Ponta Negra,24,0.0,48.0,2.0,1.0,1.0,1.0,1300.0
1669,Candelária,4,0.0,57.0,2.0,2.0,1.0,1.0,1500.0
1672,Praia do Meio,25,0.0,36.0,1.0,1.0,1.0,1.0,1500.0
1673,Ponta Negra,24,0.0,57.0,2.0,1.0,1.0,1.0,1400.0
1674,Petrópolis,20,650.0,100.0,3.0,3.0,2.0,2.0,1500.0
1675,Lagoa Nova,13,0.0,108.0,3.0,3.0,3.0,2.0,2500.0
1677,Alecrim,0,0.0,55.0,2.0,2.0,1.0,1.0,1400.0
1678,Ponta Negra,24,0.0,32.0,1.0,1.0,1.0,2.0,1800.0
1679,Candelária,4,0.0,56.0,2.0,2.0,1.0,1.0,1800.0
1680,Ponta Negra,24,0.0,60.0,2.0,2.0,1.0,1.0,1800.0
1681,Ponta Negra,24,0.0,115.0,3.0,2.0,1.0,1.0,2900.0
1682,Ponta Negra,24,0.0,120.0,3.0,2.0,1.0,1.0,3000.0
1683,Ponta Negra,24,750.0,65.0,2.0,2.0,1.0,1.0,1500.0
1684,Lagoa Nova,13,0.0,95.0,3.0,2.0,1.0,2.0,2000.0
1685,Tirol,29,0.0,56.0,2.0,2.0,1.0,1.0,1500.0
1686,Pitimbu,22,0.0,55.0,2.0,2.0,1.0,1.0,1500.0
1687,Ponta Negra,24,0.0,98.0,2.0,2.0,1.0,2.0,2500.0
1688,Cidade Alta,6,0.0,56.0,2.0,1.0,1.0,1.0,1300.0
1689,Ponta Negra,24,0.0,58.0,2.0,1.0,0.0,1.0,1300.0
1691,Capim Macio,5,0.0,56.0,2.0,2.0,1.0,1.0,1750.0
1692,Ribeira,27,0.0,56.0,2.0,2.0,2.0,1.0,1300.0
1693,Ponta Negra,24,0.0,56.0,2.0,1.0,1.0,1.0,1500.0
1694,Capim Macio,5,0.0,50.0,2.0,1.0,0.0,1.0,950.0
1696,Ponta Negra,24,0.0,50.0,2.0,1.0,1.0,1.0,950.0
1697,Pitimbu,22,0.0,67.0,3.0,2.0,1.0,1.0,1500.0
1698,Tirol,29,0.0,89.0,3.0,1.0,1.0,2.0,2500.0
1699,Ponta Negra,24,0.0,93.0,4.0,1.0,1.0,2.0,2200.0
1700,Ponta Negra,24,0.0,10.0,3.0,1.0,3.0,0.0,3500.0
1702,Ponta Negra,24,750.0,10.0,3.0,1.0,1.0,0.0,2700.0
1703,Ponta Negra,24,0.0,59.0,2.0,2.0,1.0,1.0,2300.0
1706,Candelária,4,270.0,57.0,2.0,1.0,1.0,0.0,1500.0
1710,Ponta Negra,24,370.0,55.0,2.0,1.0,1.0,1.0,1500.0
1711,Ponta Negra,24,0.0,10.0,1.0,1.0,0.0,1.0,1600.0
1714,Tirol,29,0.0,59.0,2.0,2.0,1.0,1.0,2500.0
1715,Ponta Negra,24,750.0,40.0,1.0,1.0,0.0,1.0,1600.0
1716,Ponta Negra,24,650.0,56.0,2.0,1.0,1.0,1.0,2000.0
1717,Ponta Negra,24,0.0,100.0,3.0,2.0,1.0,2.0,3000.0
1720,Ponta Negra,24,0.0,54.0,2.0,1.0,1.0,0.0,1500.0
1723,Ponta Negra,24,0.0,59.0,2.0,1.0,1.0,1.0,2300.0
1726,Ponta Negra,24,705.0,39.0,1.0,1.0,0.0,0.0,2300.0
1729,Ponta Negra,24,0.0,56.0,2.0,2.0,1.0,1.0,1300.0
1730,Ponta Negra,24,0.0,96.0,3.0,1.0,1.0,2.0,2600.0
1731,Ponta Negra,24,0.0,56.0,2.0,3.0,2.0,2.0,2800.0
1732,Ponta Negra,24,0.0,102.0,3.0,3.0,3.0,2.0,2200.0
1733,Ponta Negra,24,0.0,56.0,2.0,2.0,1.0,1.0,1600.0
1734,Petrópolis,20,0.0,94.0,3.0,2.0,1.0,1.0,1800.0
1736,Capim Macio,5,640.0,99.0,3.0,2.0,1.0,2.0,1400.0
1737,Lagoa Nova,13,0.0,56.0,2.0,2.0,1.0,1.0,1900.0
1738,Neópolis,17,0.0,75.0,3.0,1.0,1.0,2.0,1800.0
1739,Ponta Negra,24,0.0,47.0,2.0,1.0,0.0,1.0,1100.0
1740,Tirol,29,0.0,60.0,2.0,2.0,1.0,2.0,1600.0
1741,Bom Pastor,3,0.0,96.0,2.0,1.0,1.0,1.0,950.0
1742,Ponta Negra,24,0.0,65.0,2.0,2.0,1.0,1.0,1300.0
1743,Tirol,29,0.0,56.0,2.0,1.0,1.0,1.0,1900.0
1745,Ponta Negra,24,0.0,56.0,2.0,2.0,1.0,1.0,1700.0
1746,Ponta Negra,24,0.0,70.0,2.0,1.0,1.0,1.0,1500.0
1747,Tirol,29,0.0,56.0,2.0,2.0,1.0,1.0,1400.0
1748,Ponta Negra,24,0.0,50.0,1.0,1.0,1.0,1.0,1500.0
1749,Lagoa Nova,13,0.0,57.0,2.0,1.0,1.0,0.0,1350.0
1750,Ponta Negra,24,0.0,56.0,2.0,1.0,0.0,1.0,1550.0
1751,Capim Macio,5,0.0,56.0,2.0,1.0,0.0,1.0,800.0
1752,Ponta Negra,24,0.0,42.0,1.0,1.0,1.0,1.0,1400.0
1753,Capim Macio,5,0.0,75.0,2.0,1.0,1.0,1.0,1000.0
1754,Ponta Negra,24,0.0,96.0,3.0,2.0,1.0,2.0,2600.0
1755,Petrópolis,20,0.0,60.0,2.0,1.0,0.0,1.0,3000.0
1756,Ponta Negra,24,0.0,56.0,2.0,1.0,1.0,1.0,1900.0
1757,Nova Descoberta,19,0.0,98.0,3.0,3.0,2.0,1.0,2200.0
1758,Capim Macio,5,0.0,56.0,2.0,1.0,1.0,0.0,1600.0
1759,Petrópolis,20,0.0,50.0,2.0,1.0,1.0,1.0,1450.0
1760,Candelária,4,0.0,134.0,3.0,3.0,1.0,2.0,2300.0
1762,Tirol,29,0.0,60.0,2.0,1.0,1.0,1.0,1600.0
1764,Ponta Negra,24,0.0,60.0,2.0,1.0,1.0,1.0,1700.0
1765,Neópolis,17,0.0,56.0,2.0,2.0,1.0,1.0,700.0
1766,Alecrim,0,0.0,56.0,2.0,2.0,1.0,1.0,2000.0
1767,Capim Macio,5,0.0,56.0,2.0,1.0,1.0,1.0,1707.0
1768,Lagoa Nova,13,0.0,70.0,2.0,2.0,1.0,2.0,1100.0
1769,Ponta Negra,24,0.0,56.0,2.0,1.0,1.0,2.0,2300.0
1770,Ponta Negra,24,0.0,120.0,4.0,5.0,2.0,2.0,2500.0
1773,Ponta Negra,24,0.0,42.0,1.0,1.0,0.0,1.0,1500.0
1774,Ponta Negra,24,0.0,48.0,1.0,1.0,0.0,1.0,1950.0
1775,Ponta Negra,24,0.0,27.0,1.0,1.0,1.0,0.0,1350.0
1776,Ponta Negra,24,0.0,55.0,2.0,1.0,1.0,1.0,3000.0
1777,Ponta Negra,24,0.0,10.0,2.0,1.0,0.0,0.0,2000.0
1778,Ponta Negra,24,0.0,10.0,2.0,1.0,0.0,0.0,1400.0
1779,Ponta Negra,24,530.0,79.0,3.0,1.0,1.0,2.0,2300.0
1781,Ponta Negra,24,0.0,52.0,2.0,1.0,0.0,1.0,1550.0
1782,Pitimbu,22,0.0,83.0,3.0,2.0,2.0,2.0,1800.0
1784,Ponta Negra,24,370.0,10.0,1.0,1.0,0.0,1.0,1350.0
1785,Areia Preta,1,0.0,40.0,1.0,1.0,0.0,1.0,1450.0
1786,Ponta Negra,24,0.0,52.0,1.0,1.0,1.0,0.0,2200.0
1787,Pirangi,21,0.0,10.0,2.0,2.0,0.0,1.0,4500.0
1788,Ponta Negra,24,700.0,55.0,2.0,1.0,1.0,1.0,2200.0
1789,Ponta Negra,24,565.0,110.0,3.0,1.0,1.0,2.0,3500.0
1790,Ponta Negra,24,0.0,10.0,1.0,1.0,0.0,1.0,1600.0
1792,Ponta Negra,24,0.0,52.0,2.0,2.0,1.0,2.0,1800.0
1793,Ponta Negra,24,0.0,56.0,2.0,1.0,1.0,1.0,1400.0
1794,Ponta Negra,24,0.0,47.0,2.0,1.0,0.0,1.0,1350.0
1797,Capim Macio,5,0.0,90.0,2.0,2.0,1.0,1.0,1600.0
1798,Pitimbu,22,0.0,54.0,2.0,1.0,1.0,0.0,1000.0
1800,Ponta Negra,24,0.0,57.0,2.0,2.0,1.0,2.0,1250.0
1801,Capim Macio,5,0.0,136.0,4.0,4.0,3.0,2.0,3500.0
1802,Capim Macio,5,0.0,56.0,2.0,2.0,1.0,2.0,1400.0
1803,Neópolis,17,0.0,57.0,2.0,2.0,1.0,1.0,1300.0
1804,Petrópolis,20,0.0,54.0,1.0,1.0,0.0,1.0,2600.0
1805,Cidade Alta,6,0.0,143.0,3.0,2.0,0.0,2.0,2000.0
1806,Ponta Negra,24,0.0,70.0,3.0,2.0,1.0,1.0,2700.0
1807,Pitimbu,22,0.0,57.0,2.0,2.0,1.0,2.0,1300.0
1808,Tirol,29,850.0,146.0,3.0,2.0,1.0,1.0,1320.0
1809,Candelária,4,0.0,76.0,3.0,3.0,2.0,2.0,1800.0
1811,Nossa Senhora de Nazaré,18,0.0,60.0,2.0,2.0,1.0,1.0,1550.0
1812,Ponta Negra,24,0.0,85.0,3.0,2.0,1.0,2.0,1800.0
1813,Ponta Negra,24,0.0,55.0,2.0,2.0,1.0,1.0,2000.0
1814,Petrópolis,20,0.0,48.0,1.0,1.0,0.0,1.0,2600.0
1815,Ponta Negra,24,0.0,56.0,2.0,2.0,1.0,1.0,2200.0
1816,Capim Macio,5,0.0,98.0,3.0,2.0,1.0,2.0,2400.0
1817,Neópolis,17,0.0,78.0,3.0,2.0,1.0,2.0,1800.0
1818,Ponta Negra,24,0.0,54.0,2.0,2.0,1.0,1.0,2800.0
1819,Candelária,4,0.0,75.0,2.0,2.0,1.0,2.0,1700.0
1820,Ponta Negra,24,0.0,47.0,2.0,2.0,0.0,1.0,1300.0
1821,Ponta Negra,24,0.0,52.0,2.0,2.0,1.0,1.0,1700.0
1822,Capim Macio,5,0.0,124.0,3.0,3.0,3.0,2.0,2500.0
1823,Lagoa Nova,13,0.0,56.0,2.0,2.0,1.0,1.0,1500.0
1824,Lagoa Nova,13,0.0,68.0,3.0,2.0,1.0,1.0,1500.0
1825,Capim Macio,5,0.0,56.0,2.0,2.0,1.0,1.0,2200.0
1826,Lagoa Nova,13,0.0,105.0,3.0,4.0,3.0,2.0,2700.0
1827,Pitimbu,22,0.0,56.0,2.0,1.0,1.0,1.0,1500.0
1828,Capim Macio,5,0.0,68.0,2.0,2.0,1.0,1.0,1300.0
1830,Capim Macio,5,0.0,48.0,2.0,1.0,0.0,1.0,750.0
1833,Capim Macio,5,0.0,124.0,4.0,4.0,3.0,2.0,3900.0
1834,Lagoa Nova,13,0.0,68.0,3.0,1.0,1.0,1.0,1500.0
1835,Lagoa Nova,13,0.0,60.0,2.0,2.0,1.0,1.0,1500.0
1836,Ponta Negra,24,0.0,40.0,1.0,1.0,1.0,1.0,1600.0
1837,Ponta Negra,24,0.0,102.0,3.0,1.0,3.0,2.0,2180.0
1838,Ponta Negra,24,0.0,64.0,2.0,2.0,1.0,1.0,2000.0
1839,Capim Macio,5,0.0,136.0,3.0,3.0,2.0,2.0,3000.0
1840,Ponta Negra,24,0.0,85.0,3.0,2.0,1.0,2.0,1800.0
1841,Ponta Negra,24,0.0,60.0,2.0,2.0,1.0,0.0,1000.0
1842,Rocas,28,0.0,56.0,2.0,2.0,1.0,1.0,1500.0
1843,Lagoa Seca,14,0.0,115.0,3.0,2.0,1.0,2.0,2604.0
1844,Tirol,29,0.0,146.0,3.0,2.0,1.0,1.0,2270.0
1845,Ponta Negra,24,0.0,47.0,2.0,1.0,0.0,1.0,1350.0
1846,Capim Macio,5,0.0,96.0,3.0,1.0,1.0,2.0,2800.0
1848,Areia Preta,1,0.0,59.0,1.0,2.0,1.0,0.0,1300.0
1849,Ponta Negra,24,0.0,56.0,2.0,2.0,1.0,1.0,2100.0
1850,Ponta Negra,24,0.0,69.0,3.0,1.0,1.0,2.0,1700.0
1851,Barro Vermelho,2,0.0,71.0,2.0,1.0,0.0,1.0,1100.0
1852,Lagoa Nova,13,0.0,68.0,3.0,2.0,1.0,1.0,1400.0
1853,Candelária,4,0.0,55.0,2.0,2.0,1.0,2.0,1450.0
1854,Lagoa Nova,13,0.0,90.0,3.0,1.0,1.0,2.0,2500.0
1856,Cidade da Esperança,9,0.0,56.0,2.0,2.0,1.0,1.0,1200.0
1857,Lagoa Nova,13,0.0,68.0,3.0,1.0,0.0,1.0,1300.0
1858,Capim Macio,5,0.0,60.0,2.0,1.0,0.0,1.0,1200.0
1859,Pitimbu,22,0.0,57.0,2.0,1.0,1.0,2.0,1300.0
1860,Ponta Negra,24,0.0,50.0,1.0,1.0,0.0,1.0,1500.0
1861,Lagoa Nova,13,0.0,89.0,3.0,1.0,1.0,1.0,1800.0
1862,Ponta Negra,24,0.0,56.0,2.0,1.0,1.0,1.0,2300.0
1863,Pitimbu,22,0.0,85.0,2.0,2.0,1.0,1.0,1000.0
1864,Ponta Negra,24,330.0,57.0,2.0,2.0,1.0,1.0,1100.0
1865,Ponta Negra,24,0.0,60.0,2.0,2.0,1.0,1.0,1350.0
1866,Tirol,29,0.0,130.0,4.0,2.0,1.0,2.0,3300.0
1867,Ponta Negra,24,0.0,56.0,2.0,2.0,1.0,1.0,1300.0
1868,Ponta Negra,24,0.0,40.0,1.0,1.0,1.0,1.0,1500.0
1869,Candelária,4,0.0,56.0,2.0,1.0,1.0,1.0,1500.0
1870,Tirol,29,0.0,55.0,2.0,2.0,1.0,1.0,1350.0
1871,Ponta Negra,24,0.0,56.0,2.0,2.0,1.0,1.0,2600.0
1872,Capim Macio,5,0.0,56.0,2.0,2.0,1.0,1.0,1400.0
1873,Neópolis,17,0.0,72.0,3.0,2.0,1.0,1.0,2000.0
1874,Capim Macio,5,0.0,58.0,2.0,1.0,1.0,1.0,1400.0
1875,Lagoa Nova,13,0.0,140.0,3.0,4.0,3.0,2.0,2300.0
1876,Ponta Negra,24,0.0,55.0,2.0,1.0,1.0,1.0,2000.0
1877,Petrópolis,20,0.0,60.0,1.0,1.0,0.0,1.0,1300.0
1878,Pitimbu,22,0.0,50.0,2.0,1.0,1.0,1.0,700.0
1879,Rocas,28,0.0,56.0,2.0,2.0,1.0,1.0,1500.0
1880,Ponta Negra,24,0.0,58.0,2.0,2.0,0.0,1.0,1300.0
1882,Ponta Negra,24,0.0,54.0,2.0,2.0,1.0,1.0,2500.0
1883,Capim Macio,5,0.0,68.0,2.0,1.0,1.0,1.0,1200.0
1884,Ponta Negra,24,0.0,47.0,2.0,1.0,0.0,1.0,1500.0
1885,Ponta Negra,24,0.0,60.0,2.0,2.0,1.0,1.0,1700.0
1886,Ponta Negra,24,0.0,65.0,2.0,1.0,1.0,1.0,2700.0
1887,Ponta Negra,24,0.0,59.0,2.0,2.0,1.0,0.0,1900.0
1888,Petrópolis,20,0.0,96.0,3.0,2.0,1.0,2.0,2100.0
1889,Ponta Negra,24,0.0,101.0,3.0,2.0,1.0,2.0,2800.0
1890,Capim Macio,5,0.0,65.0,3.0,2.0,1.0,1.0,1500.0
1891,sept Rosado,31,0.0,56.0,2.0,1.0,0.0,1.0,700.0
1892,Tirol,29,0.0,52.0,1.0,1.0,1.0,1.0,1400.0
1893,Capim Macio,5,100.0,68.0,3.0,1.0,0.0,1.0,750.0
1894,Ponta Negra,24,0.0,56.0,2.0,1.0,1.0,1.0,1400.0
1896,Ponta Negra,24,0.0,57.0,2.0,1.0,1.0,0.0,1400.0
1897,Tirol,29,0.0,98.0,3.0,2.0,1.0,2.0,2200.0
1898,Capim Macio,5,0.0,59.0,2.0,1.0,0.0,1.0,1700.0
1899,Lagoa Nova,13,0.0,80.0,2.0,2.0,1.0,1.0,1300.0
1900,Ponta Negra,24,0.0,100.0,3.0,2.0,1.0,2.0,2500.0
1901,Ponta Negra,24,0.0,10.0,1.0,1.0,0.0,1.0,1500.0
1904,Ponta Negra,24,0.0,56.0,2.0,1.0,1.0,1.0,2500.0
1905,Ponta Negra,24,0.0,57.0,2.0,1.0,1.0,1.0,2300.0
1907,Ponta Negra,24,0.0,57.0,2.0,2.0,1.0,1.0,1300.0
1908,Ponta Negra,24,0.0,100.0,3.0,1.0,3.0,0.0,2000.0
1909,Ponta Negra,24,0.0,10.0,1.0,1.0,2.0,1.0,380.0
1911,Ponta Negra,24,0.0,55.0,2.0,1.0,1.0,1.0,3300.0
1914,Candelária,4,0.0,56.0,2.0,2.0,1.0,1.0,1660.0
1915,Tirol,29,0.0,56.0,2.0,2.0,1.0,1.0,1200.0
1916,Capim Macio,5,0.0,60.0,2.0,1.0,0.0,1.0,1500.0
1917,Ponta Negra,24,385.0,60.0,2.0,1.0,1.0,1.0,1500.0
1918,Ponta Negra,24,0.0,52.0,2.0,1.0,0.0,1.0,1800.0
1920,Pitimbu,22,0.0,49.0,2.0,1.0,0.0,1.0,1200.0
1921,Capim Macio,5,0.0,74.0,3.0,2.0,1.0,1.0,1100.0
